instance_id,compact,dp_flow,arc_flow,set_cover,set_partition
sage_original_BPP_0001_8323c49c2f,1,1,0,1,1
sage_original_BPP_0002_859c1cb186,1,1,0,1,1
sage_original_BPP_0003_e555eea40b,1,1,0,1,1
sage_original_BPP_0004_914a2169fb,1,1,0,1,1
sage_original_BPP_0005_7b48f8509c,1,1,0,1,1
sage_original_BPP_0006_81f1f3d4bc,1,1,0,1,1
sage_original_BPP_0007_bc8d0a8087,1,1,0,1,1
sage_original_BPP_0008_828834add1,1,1,0,1,1
sage_original_BPP_0009_b5fb432672,1,1,0,1,1
sage_original_BPP_0010_faec88a173,1,1,0,1,1
sage_original_BPP_0011_1959774821,1,1,0,1,1
sage_original_BPP_0012_30fae92631,1,1,0,1,1
sage_original_BPP_0013_15a86b663e,1,1,1,1,1
sage_original_BPP_0014_a1418a581f,1,1,0,1,1
sage_original_BPP_0015_bae75392e2,1,1,0,1,1
sage_original_BPP_0016_e56c41a9d7,1,1,0,1,1
sage_original_BPP_0017_a2855cb59f,1,1,0,1,1
sage_original_BPP_0018_3c9306fec6,1,1,0,1,1
sage_original_BPP_0019_8aee98d164,1,1,0,1,1
sage_original_BPP_0020_17ae96ad82,1,1,0,1,1
sage_original_BPP_0021_af0fc9b472,1,1,0,1,1
sage_original_BPP_0022_b1cc40e86f,1,1,0,1,1
sage_original_BPP_0023_0c59862486,1,1,0,1,1
sage_original_BPP_0024_13e00c175f,1,1,0,1,1
sage_original_BPP_0025_c34723436d,1,1,0,1,1
sage_original_BPP_0026_93d84a5db5,1,1,0,1,1
sage_original_BPP_0027_32089080a7,1,1,0,1,1
sage_original_BPP_0028_6261c62831,1,1,0,1,1
sage_original_BPP_0029_1d3f9b2c0a,1,1,0,1,1
sage_original_BPP_0030_4f91a9ce0e,1,1,0,1,1
sage_original_BPP_0031_9f920584df,1,1,0,1,1
sage_original_BPP_0032_aa41193dbb,1,1,0,1,1
sage_original_BPP_0033_46bce2d1e2,1,1,0,1,1
sage_original_BPP_0034_cba2e0a3d8,1,1,0,1,1
sage_original_BPP_0035_7abefd6a42,1,1,0,1,1
sage_original_BPP_0036_bdfcd095b4,1,1,0,1,1
sage_original_BPP_0037_53ab454928,1,1,0,1,1
sage_original_BPP_0038_313ca25182,1,1,0,1,1
sage_original_BPP_0039_2950464c50,1,1,0,1,1
sage_original_BPP_0040_2b293dd1ae,1,1,0,1,1
sage_original_BPP_0041_a6a84147b3,1,1,0,1,1
sage_original_BPP_0042_9fc03b9264,1,1,0,1,1
sage_original_BPP_0043_0efcaa8f13,1,1,0,1,1
sage_original_BPP_0044_2a25b988a9,1,1,0,1,1
sage_original_BPP_0045_f57b8eb025,1,1,0,1,1
sage_original_BPP_0046_254afa49c4,1,1,0,1,1
sage_original_BPP_0047_2e929ccc97,1,1,0,1,1
sage_original_BPP_0048_ab1fda5f01,1,1,0,1,1
sage_original_BPP_0049_3fe0de171c,1,1,0,1,1
sage_original_BPP_0050_5fcb4c04cb,1,1,0,1,1
sage_original_BPP_0051_ed359bbe80,1,1,0,1,1
sage_original_BPP_0052_de145a20d4,1,1,0,1,1
sage_original_BPP_0053_ff81be9e80,1,1,0,1,1
sage_original_BPP_0054_5a7357f2e9,1,1,0,1,1
sage_original_BPP_0055_a95c18ef81,1,1,0,1,1
sage_original_BPP_0056_6d3b976d34,1,1,0,1,1
sage_original_BPP_0057_ea88b13cdb,1,1,0,1,1
sage_original_BPP_0058_38b10d4b13,1,1,0,1,1
sage_original_BPP_0059_b00164e1eb,1,1,0,1,1
sage_original_BPP_0060_c0049a685b,1,1,0,1,1
sage_original_BPP_0061_90b3fc0e08,1,1,0,1,1
sage_original_BPP_0062_f50460782c,1,1,0,1,1
sage_original_BPP_0063_27e2398f7a,1,1,0,1,1
sage_original_BPP_0064_322da5d399,1,1,0,1,1
sage_original_BPP_0065_c6c8a8a91e,1,1,0,1,1
sage_original_BPP_0066_6fae8468e1,1,1,0,1,1
sage_original_BPP_0067_82910efa5a,1,1,0,1,1
sage_original_BPP_0068_a8658f1b8b,1,1,0,1,1
sage_original_BPP_0069_3e75043c13,1,1,0,1,1
sage_original_BPP_0070_ef23074c42,1,1,0,1,1
sage_original_BPP_0071_29b9dc8e2f,1,1,0,1,1
sage_original_BPP_0072_44ea41c1ba,1,1,0,1,1
sage_original_BPP_0073_69d8cfd48d,1,1,0,1,1
sage_original_BPP_0074_83cd0e6bed,1,1,0,1,1
sage_original_BPP_0075_08db921fc6,1,1,0,1,1
sage_original_BPP_0076_f7b385eb95,1,1,0,1,1
sage_original_BPP_0077_539a25b2f8,1,1,0,1,1
sage_original_BPP_0078_b8044ca20e,1,1,0,1,1
sage_original_BPP_0079_aac138d3f7,1,1,0,1,1
sage_original_BPP_0080_ec40d4578c,1,1,0,1,1
sage_original_BPP_0081_2d272b5613,1,1,0,1,1
sage_original_BPP_0082_23737f3643,1,1,0,1,1
sage_original_BPP_0083_e77cccb015,1,1,0,1,1
sage_original_BPP_0084_b1f88e2afa,1,1,0,1,1
sage_original_BPP_0085_0aadd318fb,1,1,0,1,1
sage_original_BPP_0086_6a7fbf730b,1,1,0,1,1
sage_original_BPP_0087_d986c08761,1,1,0,1,1
sage_original_BPP_0088_579ac15027,1,1,0,1,1
sage_original_BPP_0089_3d994d2b8d,1,1,0,1,1
sage_original_BPP_0090_228477a59a,1,1,0,1,1
sage_original_BPP_0091_5becfd3c69,1,1,0,1,1
sage_original_BPP_0092_e75dea5312,1,1,0,1,1
sage_original_BPP_0093_8af5e2c4b7,1,1,0,1,1
sage_original_BPP_0094_9e7510e494,1,1,0,1,1
sage_original_BPP_0095_b5bf2b8627,1,1,0,1,1
sage_original_BPP_0096_3780530ef4,1,1,0,1,1
sage_original_BPP_0097_8e99ef53c7,1,1,0,1,1
sage_original_BPP_0098_4cbff31e71,1,1,0,1,1
sage_original_BPP_0099_aa1b82f015,1,1,0,1,1
sage_original_BPP_0100_2c1884599a,1,1,0,1,1
sage_original_BPP_0101_b40f2d0aa7,1,1,0,1,1
sage_original_BPP_0102_32531213af,1,1,0,1,1
sage_original_BPP_0103_0b2f471d17,1,1,0,1,1
sage_original_BPP_0104_12db513ea8,1,1,0,1,1
sage_original_BPP_0105_da84db6de3,1,1,0,1,1
sage_original_BPP_0106_ab6f07b5bb,1,1,0,1,1
sage_original_BPP_0107_5247f0d208,1,1,0,1,1
sage_original_BPP_0108_210566ae89,1,1,0,1,1
sage_original_BPP_0109_ebfc409e73,1,1,0,1,1
sage_original_BPP_0110_3dad17cb40,1,1,0,1,1
sage_original_BPP_0111_6926d05b64,1,1,0,1,1
sage_original_BPP_0112_d5bb6881c6,1,1,0,1,1
sage_original_BPP_0113_a8e036b579,1,1,0,1,1
sage_original_BPP_0114_a0fb36dd60,1,1,0,1,1
sage_original_BPP_0115_9cf3093205,1,1,0,1,1
sage_original_BPP_0116_de146e1c67,1,1,0,1,1
sage_original_BPP_0117_8f62f3084b,1,1,0,1,1
sage_original_BPP_0118_c43acbab59,1,1,0,1,1
sage_original_BPP_0119_d76a3dc78d,1,1,0,1,1
sage_original_BPP_0120_2e7e5af4d2,1,1,0,1,1
sage_original_BPP_0121_47156f7917,1,1,0,1,1
sage_original_BPP_0122_f5c7dc9596,1,1,0,1,1
sage_original_BPP_0123_1982460d95,1,1,0,1,1
sage_original_BPP_0124_004b9fc3ab,1,1,0,1,1
sage_original_BPP_0125_3c18a312c0,1,1,0,1,1
sage_original_BPP_0126_cf0c2a33e6,1,1,0,1,1
sage_original_BPP_0127_2815c86007,1,1,0,1,1
sage_original_BPP_0128_324ccf4a1a,1,1,0,1,1
sage_original_BPP_0129_6102edaf96,1,1,0,1,1
sage_original_BPP_0130_e5d3607449,1,1,0,1,1
sage_original_BPP_0131_0aef5b3de4,1,1,0,1,1
sage_original_BPP_0132_0d4360d065,1,1,0,1,1
sage_original_BPP_0133_0c46e44658,1,1,0,1,1
sage_original_BPP_0134_7ddb095217,1,1,0,1,1
sage_original_BPP_0135_a84ce41e59,1,1,0,1,1
sage_original_BPP_0136_1b221a2ee5,1,1,0,1,1
sage_original_BPP_0137_7c01066666,1,1,0,1,1
sage_original_BPP_0138_430515778c,1,1,0,1,1
sage_original_BPP_0139_89cacbd5ce,1,1,0,1,1
sage_original_BPP_0140_a097ce4bed,1,1,0,1,1
sage_original_BPP_0141_c58f270a6a,1,1,0,1,1
sage_original_BPP_0142_3fc5ed7642,1,1,1,1,1
sage_original_BPP_0143_ee2ee09417,1,1,0,1,1
sage_original_BPP_0144_d61837c1df,1,1,0,1,1
sage_original_BPP_0145_063dc7c6f9,1,1,0,1,1
sage_original_BPP_0146_c6c858b860,1,1,0,1,1
sage_original_BPP_0147_5dcc9c3f57,1,1,0,1,1
sage_original_BPP_0148_65b3a6ce64,1,1,0,1,1
sage_original_BPP_0149_ae0d334a3b,1,1,0,1,1
sage_original_BPP_0150_57be5c2a06,1,1,0,1,1
sage_original_BPP_0151_c49a27f936,1,1,0,1,1
sage_original_BPP_0152_38409b01fa,1,1,0,1,1
sage_original_BPP_0153_2f535859f9,1,1,0,1,1
sage_original_BPP_0154_4ab53c9cba,1,1,0,1,1
sage_original_BPP_0155_49d3300386,1,1,0,1,1
sage_original_BPP_0156_79c8723c7f,1,1,0,1,1
sage_original_BPP_0157_4055c2b026,1,1,0,1,1
sage_original_BPP_0158_3f85b5e09c,1,1,0,1,1
sage_original_BPP_0159_acfd60ad39,1,1,0,1,1
sage_original_BPP_0160_92d2266f96,1,1,0,1,1
sage_original_BPP_0161_4ee01ba665,1,1,0,1,1
sage_original_BPP_0162_41e0b9a65c,1,1,0,1,1
sage_original_BPP_0163_faca657964,1,1,0,1,1
sage_original_BPP_0164_c77c47410d,1,1,0,1,1
sage_original_BPP_0165_6e34e23afa,1,1,0,1,1
sage_original_BPP_0166_9919734216,1,1,0,1,1
sage_original_BPP_0167_e7226f2fdd,1,1,0,1,1
sage_original_BPP_0168_004213c54b,1,1,0,1,1
sage_original_BPP_0169_884cead777,1,1,0,1,1
sage_original_BPP_0170_29c7890a2a,1,1,0,1,1
sage_original_BPP_0171_1ef0aadabf,1,1,0,1,1
sage_original_BPP_0172_84ca7b76bd,1,1,0,1,1
sage_original_BPP_0173_3e6c38180b,1,1,1,1,1
sage_original_BPP_0174_991d7bf3a4,1,1,0,1,1
sage_original_BPP_0175_428bdbb4c4,1,1,0,1,1
sage_original_BPP_0176_9ae230a8dc,1,1,0,1,1
sage_original_BPP_0177_fd36bf6bb3,1,1,0,1,1
sage_original_BPP_0178_f2104acc30,1,1,0,1,1
sage_original_BPP_0179_d904d37302,1,1,0,1,1
sage_original_BPP_0180_bfb60a7aea,1,1,0,1,1
sage_original_BPP_0181_20edf5feb6,1,1,0,1,1
sage_original_BPP_0182_41f908c47c,1,1,0,1,1
sage_original_BPP_0183_1bef725ebb,1,1,0,1,1
sage_original_BPP_0184_fd59e8ddc7,1,1,0,1,1
sage_original_BPP_0185_55f0362c71,1,1,0,1,1
sage_original_BPP_0186_ff34168cfc,1,1,0,1,1
sage_original_BPP_0187_dfa45ff231,1,1,0,1,1
sage_original_BPP_0188_7da60096ed,1,1,0,1,1
sage_original_BPP_0189_526cd5f400,1,1,0,1,1
sage_original_BPP_0190_21a27e9a0d,1,1,0,1,1
sage_original_BPP_0191_a1e0bf412e,1,1,0,1,1
sage_original_BPP_0192_6714bb98ac,1,1,0,1,1
sage_original_BPP_0193_39f9fe51d1,1,1,0,1,1
sage_original_BPP_0194_63be3aabcf,1,1,0,1,1
sage_original_BPP_0195_04e2861939,1,1,1,1,1
sage_original_BPP_0196_4cee774ed7,1,1,0,1,1
sage_original_BPP_0197_5353bfcb99,1,1,0,1,1
sage_original_BPP_0198_1596a3c4cb,1,1,0,1,1
sage_original_BPP_0199_72754057e6,1,1,0,1,1
sage_original_BPP_0200_499787a2c8,1,1,0,1,1
sage_original_BPP_0201_d107e23856,1,1,0,1,1
sage_original_BPP_0202_7f0e75dcc8,1,1,0,1,1
sage_original_BPP_0203_1453827698,1,1,0,1,1
sage_original_BPP_0204_b01a1da228,1,1,0,1,1
sage_original_BPP_0205_dd29b46c6a,1,1,0,1,1
sage_original_BPP_0206_0efb405fc1,1,1,0,1,1
sage_original_BPP_0207_d2b398a905,1,1,0,1,1
sage_original_BPP_0208_3816b2a8f0,1,1,0,1,1
sage_original_BPP_0209_b62b0ed588,1,1,0,1,1
sage_original_BPP_0210_e008e725dc,1,1,0,1,1
sage_original_BPP_0211_9625dbb3a9,1,1,0,1,1
sage_original_BPP_0212_6c18e397d2,1,1,0,1,1
sage_original_BPP_0213_7b086f461c,1,1,0,1,1
sage_original_BPP_0214_1136732482,1,1,0,1,1
sage_original_BPP_0215_3e393c68ad,1,1,0,1,1
sage_original_BPP_0216_e71ac7ef72,1,1,0,1,1
sage_original_BPP_0217_ed6e5dcc8b,1,1,0,1,1
sage_original_BPP_0218_dccc060724,1,1,0,1,1
sage_original_BPP_0219_2b870456fc,1,1,0,1,1
sage_original_BPP_0220_626795784d,1,1,0,1,1
sage_original_BPP_0221_741a005327,1,1,0,1,1
sage_original_BPP_0222_1a7407e863,1,1,0,1,1
sage_original_BPP_0223_3b45b1b398,1,1,0,1,1
sage_original_BPP_0224_e315ab4026,1,1,0,1,1
sage_original_BPP_0225_fc4277c9a3,1,1,0,1,1
sage_original_BPP_0226_cadb0c02cf,1,1,0,1,1
sage_original_BPP_0227_d4db19db94,1,1,0,1,1
sage_original_BPP_0228_bd19d8c258,1,1,0,1,1
sage_original_BPP_0229_fd3843ee77,1,1,0,1,1
sage_original_BPP_0230_13aacc5df6,1,1,0,1,1
sage_original_BPP_0231_da40350748,1,1,0,1,1
sage_original_BPP_0232_a59c7ce5d6,1,1,0,1,1
sage_original_BPP_0233_0f2dc45f97,1,1,0,1,1
sage_original_BPP_0234_d5911c3939,1,1,0,1,1
sage_original_BPP_0235_9e2a65d760,1,1,0,1,1
sage_original_BPP_0236_3ba34a1323,1,1,0,1,1
sage_original_BPP_0237_8d46e40096,1,1,0,1,1
sage_original_BPP_0238_983900a06c,1,1,0,1,1
sage_original_BPP_0239_4b988697d9,1,1,0,1,1
sage_original_BPP_0240_5196a2898c,1,1,0,1,1
sage_original_BPP_0241_e4f5510c42,1,1,0,1,1
sage_original_BPP_0242_650af1fc18,1,1,0,1,1
sage_original_BPP_0243_fc37fa24a7,1,1,0,1,1
sage_original_BPP_0244_7df440eb13,1,1,0,1,1
sage_original_BPP_0245_d56274aab8,1,1,0,1,1
sage_original_BPP_0246_b9a8130458,1,1,0,1,1
sage_original_BPP_0247_db8a33bd06,1,1,0,1,1
sage_original_BPP_0248_bb0be30237,1,1,0,1,1
sage_original_BPP_0249_80e9bc2c69,1,1,0,1,1
sage_original_BPP_0250_49d1e742be,1,1,0,1,1
sage_original_BPP_0251_8d89aa734b,1,1,0,1,1
sage_original_BPP_0252_b6020d07ec,1,1,0,1,1
sage_original_BPP_0253_9f46bcd773,1,1,0,1,1
sage_original_BPP_0254_9c94d7a220,1,1,0,1,1
sage_original_BPP_0255_6a6dc29187,1,1,0,1,1
sage_original_BPP_0256_d93a53f8d3,1,1,0,1,1
sage_original_BPP_0257_390369f33b,1,1,0,1,1
sage_original_BPP_0258_477c0a55c0,1,1,0,1,1
sage_original_BPP_0259_c72dad37a1,1,1,0,1,1
sage_original_BPP_0260_36990e4642,1,1,0,1,1
sage_original_BPP_0261_3bd447d23d,1,1,0,1,1
sage_original_BPP_0262_18111df29c,1,1,0,1,1
sage_original_BPP_0263_e20baf96e1,1,1,0,1,1
sage_original_BPP_0264_b0be158395,1,1,0,1,1
sage_original_BPP_0265_bdb5074d4f,1,1,0,1,1
sage_original_BPP_0266_1f029de0d8,1,1,0,1,1
sage_original_BPP_0267_6e1e2a7d96,1,1,0,1,1
sage_original_BPP_0268_cc3977dd9c,1,1,0,1,1
sage_original_BPP_0269_9eb4b63673,1,1,0,1,1
sage_original_BPP_0270_9f1d375421,1,1,0,1,1
sage_original_BPP_0271_dfb6747614,1,1,0,1,1
sage_original_BPP_0272_dda0d83abc,1,1,0,1,1
sage_original_BPP_0273_6886bfb19a,1,1,0,1,1
sage_original_BPP_0274_1e3cf9e8c5,1,1,0,1,1
sage_original_BPP_0275_03373e1515,1,1,0,1,1
sage_original_BPP_0276_4e3b76d0f6,1,1,0,1,1
sage_original_BPP_0277_3a7b1684d9,1,1,0,1,1
sage_original_BPP_0278_fd8f9b155c,1,1,0,1,1
sage_original_BPP_0279_6d2d041a66,1,1,0,1,1
sage_original_BPP_0280_32c5f6d785,1,1,0,1,1
sage_original_BPP_0281_3e61ed9215,1,1,0,1,1
sage_original_BPP_0282_322b8372d9,1,1,0,1,1
sage_original_BPP_0283_b881311afb,1,1,0,1,1
sage_original_BPP_0284_f17cf6868b,1,1,0,1,1
sage_original_BPP_0285_3ed62f5922,1,1,0,1,1
sage_original_BPP_0286_d119ec667c,1,1,0,1,1
sage_original_BPP_0287_067f7d46a4,1,1,0,1,1
sage_original_BPP_0288_675b54078a,1,1,0,1,1
sage_original_BPP_0289_c9298b9601,1,1,0,1,1
sage_original_BPP_0290_5edb1f6dc8,1,1,0,1,1
sage_original_BPP_0291_2ca85359ae,1,1,0,1,1
sage_original_BPP_0292_e79354764d,1,1,0,1,1
sage_original_BPP_0293_d3a46fec85,1,1,0,1,1
sage_original_BPP_0294_298be6e301,1,1,0,1,1
sage_original_BPP_0295_b708163838,1,1,0,1,1
sage_original_BPP_0296_cfa7ec8064,1,1,0,1,1
sage_original_BPP_0297_7e79513a87,1,1,0,1,1
sage_original_BPP_0298_c871a89dab,1,1,0,1,1
sage_original_BPP_0299_5b8f7aecfd,1,1,0,1,1
sage_original_BPP_0300_526cba3dbe,1,1,0,1,1
sage_original_BPP_0301_320aadc34b,1,1,0,1,1
sage_original_BPP_0302_a4c9770fa2,1,1,0,1,1
sage_original_BPP_0303_d7690c15e5,1,1,0,1,1
sage_original_BPP_0304_3acd2333e6,1,1,0,1,1
sage_original_BPP_0305_fad37a8f75,1,1,0,1,1
sage_original_BPP_0306_0ba2ec4da9,1,1,0,1,1
sage_original_BPP_0307_0d3e07bdab,1,1,0,1,1
sage_original_BPP_0308_0a404d5079,1,1,0,1,1
sage_original_BPP_0309_7c5686ae70,1,1,0,1,1
sage_original_BPP_0310_036d6c4979,1,1,0,1,1
sage_original_BPP_0311_e4a16eb8c6,1,1,0,1,1
sage_original_BPP_0312_c690b5bbed,1,1,0,1,1
sage_original_BPP_0313_77fb296768,1,1,0,1,1
sage_original_BPP_0314_4f7009949b,1,1,0,1,1
sage_original_BPP_0315_45c3e8055e,1,1,0,1,1
sage_original_BPP_0316_1ec0cfc6d5,1,1,0,1,1
sage_original_BPP_0317_fde1d80e9c,1,1,0,1,1
sage_original_BPP_0318_235de28ecd,1,1,0,1,1
sage_original_BPP_0319_d5a1509f81,1,1,0,1,1
sage_original_BPP_0320_75f29404d8,1,1,0,1,1
sage_original_BPP_0321_4cf63f2f0c,1,1,0,1,1
sage_original_BPP_0322_74dd1cdd49,1,1,0,1,1
sage_original_BPP_0323_f4151de0a0,1,1,0,1,1
sage_original_BPP_0324_8fa8248988,1,1,0,1,1
sage_original_BPP_0325_8121354a68,1,1,0,1,1
sage_original_BPP_0326_dc21bc968d,1,1,1,1,1
sage_original_BPP_0327_ad0c903d05,1,1,0,1,1
sage_original_BPP_0328_6e221f435f,1,1,0,1,1
sage_original_BPP_0329_4238cfe1b5,1,1,0,1,1
sage_original_BPP_0330_ae788bc149,1,1,0,1,1
sage_original_BPP_0331_61c06b54e8,1,1,0,1,1
sage_original_BPP_0332_461d96f562,1,1,0,1,1
sage_original_BPP_0333_7283c159df,1,1,0,1,1
sage_original_BPP_0334_8d77d8212d,1,1,0,1,1
sage_original_BPP_0335_74f674d9f8,1,1,0,1,1
sage_original_BPP_0336_4df61886e0,1,1,0,1,1
sage_original_BPP_0337_ba2eeee15d,1,1,0,1,1
sage_original_BPP_0338_5ad9642102,1,1,0,1,1
sage_original_BPP_0339_124cab8b9f,1,1,0,1,1
sage_original_BPP_0340_94a86f0bc6,1,1,0,1,1
sage_original_BPP_0341_ec5d5a914f,1,1,0,1,1
sage_original_BPP_0342_e6638f0e54,1,1,0,1,1
sage_original_BPP_0343_da83a0cd36,1,1,0,1,1
sage_original_BPP_0344_7679180e34,1,1,0,1,1
sage_original_BPP_0345_4dab110aab,1,1,0,1,1
sage_original_BPP_0346_dfce060d6f,1,1,0,1,1
sage_original_BPP_0347_78013ef2de,1,1,0,1,1
sage_original_BPP_0348_32bc7639d9,1,1,0,1,1
sage_original_BPP_0349_3fa41fb624,1,1,0,1,1
sage_original_BPP_0350_b9876025b3,1,1,0,1,1
sage_original_BPP_0351_17d76684fc,1,1,0,1,1
sage_original_BPP_0352_906e6627a4,1,1,0,1,1
sage_original_BPP_0353_3c0dba8117,1,1,0,1,1
sage_original_BPP_0354_8a1ce05848,1,1,0,1,1
sage_original_BPP_0355_8edd73f211,1,1,0,1,1
sage_original_BPP_0356_be068336dd,1,1,0,1,1
sage_original_BPP_0357_13de1b3d47,1,1,0,1,1
sage_original_BPP_0358_b49b1dd1d4,1,1,0,1,1
sage_original_BPP_0359_03a56477d1,1,1,0,1,1
sage_original_BPP_0360_bf03970490,1,1,0,1,1
sage_original_BPP_0361_c9f00459ff,1,1,0,1,1
sage_original_BPP_0362_038186f7e4,1,1,0,1,1
sage_original_BPP_0363_bab7a47abb,1,1,0,1,1
sage_original_BPP_0364_1d3487bb8c,1,1,0,1,1
sage_original_BPP_0365_46d15ef2aa,1,1,0,1,1
sage_original_BPP_0366_e185f33508,1,1,0,1,1
sage_original_BPP_0367_cdfbc20589,1,1,0,1,1
sage_original_BPP_0368_96d0b39220,1,1,0,1,1
sage_original_BPP_0369_b7d9d73f5c,1,1,0,1,1
sage_original_BPP_0370_aa22bb40a1,1,1,0,1,1
sage_original_BPP_0371_8a3be02de8,1,1,0,1,1
sage_original_BPP_0372_3672b41713,1,1,0,1,1
sage_original_BPP_0373_ffbea6204d,1,1,0,1,1
sage_original_BPP_0374_f3bb1a0206,1,1,0,1,1
sage_original_BPP_0375_ee7ea94182,1,1,0,1,1
sage_original_BPP_0376_df5f7de4f1,1,1,0,1,1
sage_original_BPP_0377_63f22470c0,1,1,0,1,1
sage_original_BPP_0378_65d7efa449,1,1,0,1,1
sage_original_BPP_0379_4e00432411,1,1,0,1,1
sage_original_BPP_0380_3e7940d11d,1,1,0,1,1
sage_original_BPP_0381_54b9297f07,1,1,0,1,1
sage_original_BPP_0382_63eebffc86,1,1,0,1,1
sage_original_BPP_0383_ee2e2f5643,1,1,0,1,1
sage_original_BPP_0384_b784a96922,1,1,0,1,1
sage_original_BPP_0385_ad564c9da6,1,1,0,1,1
sage_original_BPP_0386_65fd039080,1,1,0,1,1
sage_original_BPP_0387_6f6f176b3c,1,1,0,1,1
sage_original_BPP_0388_6eaf1a5327,1,1,0,1,1
sage_original_BPP_0389_37c68591b5,1,1,0,1,1
sage_original_BPP_0390_f92e669afa,1,1,0,1,1
sage_original_BPP_0391_192735a225,1,1,0,1,1
sage_original_BPP_0392_c6e4f8fbd9,1,1,0,1,1
sage_original_BPP_0393_7039e3ce4f,1,1,0,1,1
sage_original_BPP_0394_56483f23eb,1,1,0,1,1
sage_original_BPP_0395_4a5d6ec093,1,1,0,1,1
sage_original_BPP_0396_7bd8f3a415,1,1,0,1,1
sage_original_BPP_0397_a6831501f6,1,1,0,1,1
sage_original_BPP_0398_0d669d13fd,1,1,0,1,1
sage_original_BPP_0399_b4e25fd62a,1,1,0,1,1
sage_original_BPP_0400_10f299b191,1,1,0,1,1
sage_original_BPP_0401_ed5a781ef3,1,1,0,1,1
sage_original_BPP_0402_7b3105dd1c,1,1,0,1,1
sage_original_BPP_0403_93d3a216eb,1,1,0,1,1
sage_original_BPP_0404_ca11f48c9b,1,1,0,1,1
sage_original_BPP_0405_a9f87c0cb4,1,1,0,1,1
sage_original_BPP_0406_b695ab5ccb,1,1,0,1,1
sage_original_BPP_0407_eb0829fc8c,1,1,0,1,1
sage_original_BPP_0408_2eb531e406,1,1,0,1,1
sage_original_BPP_0409_8890eb671a,1,1,0,1,1
sage_original_BPP_0410_d5b9b9beea,1,1,0,1,1
sage_original_BPP_0411_03c094cc0b,1,1,0,1,1
sage_original_BPP_0412_965824706f,1,1,0,1,1
sage_original_BPP_0413_4c1355a6f5,1,1,0,1,1
sage_original_BPP_0414_b9f3437d6c,1,1,0,1,1
sage_original_BPP_0415_c25e0c5a7a,1,1,0,1,1
sage_original_BPP_0416_b5afe4d35f,1,1,0,1,1
sage_original_BPP_0417_1504e8a2db,1,1,0,1,1
sage_original_BPP_0418_b944196607,1,1,0,1,1
sage_original_BPP_0419_fedb24f5fc,1,1,0,1,1
sage_original_BPP_0420_78a10b82a1,1,1,0,1,1
sage_original_BPP_0421_d9406d71f1,1,1,0,1,1
sage_original_BPP_0422_00680fa94b,1,1,0,1,1
sage_original_BPP_0423_9b8dc8a62b,1,1,0,1,1
sage_original_BPP_0424_491ee62895,1,1,0,1,1
sage_original_BPP_0425_7e4f8278be,1,1,0,1,1
sage_original_BPP_0426_2596c0aede,1,1,0,1,1
sage_original_BPP_0427_cf088945c3,1,1,0,1,1
sage_original_BPP_0428_d1bf465b08,1,1,0,1,1
sage_original_BPP_0429_3150952289,1,1,0,1,1
sage_original_BPP_0430_dab44eb19f,1,1,0,1,1
sage_original_BPP_0431_6ba23643d2,1,1,0,1,1
sage_original_BPP_0432_78995e2619,1,1,0,1,1
sage_original_BPP_0433_63891eacb8,1,1,0,1,1
sage_original_BPP_0434_da7a73b8ab,1,1,0,1,1
sage_original_BPP_0435_e3fc85ea18,1,1,0,1,1
sage_original_BPP_0436_7071d101b3,1,1,0,1,1
sage_original_BPP_0437_9bd7d600ba,1,1,0,1,1
sage_original_BPP_0438_11ba76b86b,1,1,0,1,1
sage_original_BPP_0439_0c66761b36,1,1,0,1,1
sage_original_BPP_0440_cb6187d646,1,1,0,1,1
sage_original_BPP_0441_70a247f339,1,1,0,1,1
sage_original_BPP_0442_9a1453435b,1,1,0,1,1
sage_original_BPP_0443_81b0cce3a5,1,1,0,1,1
sage_original_BPP_0444_b89ae1cdf2,1,1,0,1,1
sage_original_BPP_0445_5521af92b8,1,1,0,1,1
sage_original_BPP_0446_8a3dd843f7,1,1,0,1,1
sage_original_BPP_0447_78861b15b6,1,1,0,1,1
sage_original_BPP_0448_e28dc975b2,1,1,0,1,1
sage_original_BPP_0449_dbe4f6c760,1,1,0,1,1
sage_original_BPP_0450_7eb5bf04a7,1,1,0,1,1
sage_original_BPP_0451_096f8f42d7,1,1,0,1,1
sage_original_BPP_0452_274a133400,1,1,0,1,1
sage_original_BPP_0453_e81b4d368f,1,1,0,1,1
sage_original_BPP_0454_d2c75e3b5a,1,1,0,1,1
sage_original_BPP_0455_1bcde959fe,1,1,0,1,1
sage_original_BPP_0456_e784e05059,1,1,0,1,1
sage_original_BPP_0457_3c7e4242b4,1,1,0,1,1
sage_original_BPP_0458_efc7c193ac,1,1,0,1,1
sage_original_BPP_0459_a753bc10c8,1,1,0,1,1
sage_original_BPP_0460_a7130d8375,1,1,0,1,1
sage_original_BPP_0461_1d204f77aa,1,1,0,1,1
sage_original_BPP_0462_01541a664c,1,1,0,1,1
sage_original_BPP_0463_7f1aea83e9,1,1,0,1,1
sage_original_BPP_0464_4fd4da9292,1,1,0,1,1
sage_original_BPP_0465_1bf81a48ab,1,1,0,1,1
sage_original_BPP_0466_a71d6f4a02,1,1,0,1,1
sage_original_BPP_0467_39a3e4797e,1,1,0,1,1
sage_original_BPP_0468_b8062db1da,1,1,0,1,1
sage_original_BPP_0469_5d89e258f3,1,1,0,1,1
sage_original_BPP_0470_dadc9452b1,1,1,0,1,1
sage_original_BPP_0471_4e3564f752,1,1,0,1,1
sage_original_BPP_0472_3e2f5e464c,1,1,0,1,1
sage_original_BPP_0473_3dacc6bdab,1,1,0,1,1
sage_original_BPP_0474_1b37e94bed,1,1,0,1,1
sage_original_BPP_0475_53da627979,1,1,0,1,1
sage_original_BPP_0476_1947d487ec,1,1,0,1,1
sage_original_BPP_0477_20638bb3f6,1,1,0,1,1
sage_original_BPP_0478_04fca5fd0c,1,1,0,1,1
sage_original_BPP_0479_a7803f3004,1,1,0,1,1
sage_original_BPP_0480_c4dd53fa4f,1,1,0,1,1
sage_original_BPP_0481_e8641cb603,1,1,0,1,1
sage_original_BPP_0482_d7d85c9230,1,1,0,1,1
sage_original_BPP_0483_4438aba2cb,1,1,0,1,1
sage_original_BPP_0484_968f9a95bf,1,1,0,1,1
sage_original_BPP_0485_d1f92b293c,1,1,0,1,1
sage_original_BPP_0486_3d9255ba86,1,1,0,1,1
sage_original_BPP_0487_3b2f087110,1,1,0,1,1
sage_original_BPP_0488_8d18f5ec1b,1,1,0,1,1
sage_original_BPP_0489_3805f8d62e,1,1,0,1,1
sage_original_BPP_0490_cee5af678d,1,1,0,1,1
sage_original_BPP_0491_a408b43239,1,1,0,1,1
sage_original_BPP_0492_1078009034,1,1,0,1,1
sage_original_BPP_0493_584937f648,1,1,0,1,1
sage_original_BPP_0494_fdf4430534,1,1,0,1,1
sage_original_BPP_0495_efffb4f34b,1,1,0,1,1
sage_original_BPP_0496_833520fd7c,1,1,0,1,1
sage_original_BPP_0497_8aa1f755ae,1,1,0,1,1
sage_original_BPP_0498_07598005b0,1,1,0,1,1
sage_original_BPP_0499_d698273fd2,1,1,0,1,1
sage_original_BPP_0500_7d0195508d,1,1,0,1,1
sage_original_BPP_0501_ddf7b2f4f7,1,1,0,1,1
sage_original_BPP_0502_d6649314be,1,1,0,1,1
sage_original_BPP_0503_2d49b714f9,1,1,0,1,1
sage_original_BPP_0504_5de0031c4c,1,1,0,1,1
sage_original_BPP_0505_5f63cbacd8,1,1,0,1,1
sage_original_BPP_0506_5647f3736f,1,1,0,1,1
sage_original_BPP_0507_cd6f05c931,1,1,0,1,1
sage_original_BPP_0508_d7ab4a1fcd,1,1,0,1,1
sage_original_BPP_0509_304ac6b87b,1,1,0,1,1
sage_original_BPP_0510_fb7bb488a0,1,1,0,1,1
sage_original_BPP_0511_30fa9f1658,1,1,0,1,1
sage_original_BPP_0512_cd1c21542b,1,1,0,1,1
sage_original_BPP_0513_9791d41cc9,1,1,0,1,1
sage_original_BPP_0514_aea451f8d2,1,1,0,1,1
sage_original_BPP_0515_74dd4eceb7,1,1,0,1,1
sage_original_BPP_0516_692002c237,1,1,0,1,1
sage_original_BPP_0517_46aee75e56,1,1,0,1,1
sage_original_BPP_0518_f413a240e6,1,1,0,1,1
sage_original_BPP_0519_359ed5f5ce,1,1,0,1,1
sage_original_BPP_0520_099eb89fe5,1,1,0,1,1
sage_original_BPP_0521_4275f6aee9,1,1,0,1,1
sage_original_BPP_0522_3a516fb98e,1,1,0,1,1
sage_original_BPP_0523_18ef79e615,1,1,0,1,1
sage_original_BPP_0524_d5dc6ab008,1,1,0,1,1
sage_original_BPP_0525_c6c76382d7,1,1,0,1,1
sage_original_BPP_0526_8799daba58,1,1,0,1,1
sage_original_BPP_0527_301abae9bf,1,1,0,1,1
sage_original_BPP_0528_0735b3190c,1,1,0,1,1
sage_original_BPP_0529_51bb20dbcb,1,1,0,1,1
sage_original_BPP_0530_e52a3fcdea,1,1,0,1,1
sage_original_BPP_0531_838cfdeb82,1,1,0,1,1
sage_original_BPP_0532_af60b0f5bb,1,1,0,1,1
sage_original_BPP_0533_bfd5f2e6ee,1,1,0,1,1
sage_original_BPP_0534_3016607838,1,1,0,1,1
sage_original_BPP_0535_41c981ce39,1,1,0,1,1
sage_original_BPP_0536_04b3d2a722,1,1,0,1,1
sage_original_BPP_0537_4733b86309,1,1,0,1,1
sage_original_BPP_0538_22b7319733,1,1,0,1,1
sage_original_BPP_0539_56e931fc93,1,1,0,1,1
sage_original_BPP_0540_743a432c72,1,1,0,1,1
sage_original_BPP_0541_2324177182,1,1,0,1,1
sage_original_BPP_0542_f7be363937,1,1,0,1,1
sage_original_BPP_0543_dbaad8aa00,1,1,0,1,1
sage_original_BPP_0544_03685e1a5f,1,1,0,1,1
sage_original_BPP_0545_52cb46c59c,1,1,0,1,1
sage_original_BPP_0546_3626cb9f15,1,1,0,1,1
sage_original_BPP_0547_40b374e529,1,1,0,1,1
sage_original_BPP_0548_c9607ff697,1,1,0,1,1
sage_original_BPP_0549_224366496c,1,1,0,1,1
sage_original_BPP_0550_48c69c2733,1,1,0,1,1
sage_original_BPP_0551_65e6f320bc,1,1,0,1,1
sage_original_BPP_0552_db28b2b6f0,1,1,0,1,1
sage_original_BPP_0553_344381e8ac,1,1,0,1,1
sage_original_BPP_0554_4a6a8423f2,1,1,0,1,1
sage_original_BPP_0555_2339141067,1,1,0,1,1
sage_original_BPP_0556_4220c2e7fc,1,1,0,1,1
sage_original_BPP_0557_75ca1defcc,1,1,0,1,1
sage_original_BPP_0558_4b9c2e05df,1,1,0,1,1
sage_original_BPP_0559_e3d36a73ef,1,1,0,1,1
sage_original_BPP_0560_d9c7802ca8,1,1,0,1,1
sage_original_BPP_0561_ddaa128fd1,1,1,0,1,1
sage_original_BPP_0562_96b13dc8f8,1,1,0,1,1
sage_original_BPP_0563_3262e72d9f,1,1,0,1,1
sage_original_BPP_0564_beb351d98b,1,1,0,1,1
sage_original_BPP_0565_780e80113a,1,1,0,1,1
sage_original_BPP_0566_6bf0807430,1,1,0,1,1
sage_original_BPP_0567_70ed4b7e03,1,1,0,1,1
sage_original_BPP_0568_490c88ef63,1,1,0,1,1
sage_original_BPP_0569_41d70f7e5d,1,1,0,1,1
sage_original_BPP_0570_3cb5dc3138,1,1,0,1,1
sage_original_BPP_0571_8d14ce7c62,1,1,0,1,1
sage_original_BPP_0572_24dd940917,1,1,0,1,1
sage_original_BPP_0573_3470685d9d,1,1,0,1,1
sage_original_BPP_0574_2ebf33645b,1,1,0,1,1
sage_original_BPP_0575_5cd573ae14,1,1,0,1,1
sage_original_BPP_0576_7b392037ce,1,1,0,1,1
sage_original_BPP_0577_0eefabcce0,1,1,0,1,1
sage_original_BPP_0578_04086fb50d,1,1,0,1,1
sage_original_BPP_0579_471f529d1c,1,1,0,1,1
sage_original_BPP_0580_eb8157d073,1,1,0,1,1
sage_original_BPP_0581_ef8ab08198,1,1,0,1,1
sage_original_BPP_0582_92d6db43af,1,1,0,1,1
sage_original_BPP_0583_cb23864f71,1,1,0,1,1
sage_original_BPP_0584_03191da631,1,1,0,1,1
sage_original_BPP_0585_50431224ff,1,1,0,1,1
sage_original_BPP_0586_76bed8bad6,1,1,0,1,1
sage_original_BPP_0587_10869058ad,1,1,0,1,1
sage_original_BPP_0588_15450e3020,1,1,0,1,1
sage_original_BPP_0589_2484ced803,1,1,0,1,1
sage_original_BPP_0590_b4a6508a7d,1,1,0,1,1
sage_original_BPP_0591_4279a7da8f,1,1,0,1,1
sage_original_BPP_0592_9efbbe0716,1,1,0,1,1
sage_original_BPP_0593_498941cbb4,1,1,0,1,1
sage_original_BPP_0594_e358e6e049,1,1,0,1,1
sage_original_BPP_0595_ad8ffaa349,1,1,0,1,1
sage_original_BPP_0596_575ab50bce,1,1,0,1,1
sage_original_BPP_0597_d56e395e58,1,1,0,1,1
sage_original_BPP_0598_f72627e663,1,1,0,1,1
sage_original_BPP_0599_b10c79ffba,1,1,0,1,1
sage_original_BPP_0600_2290dd4f2e,1,1,0,1,1
sage_original_BPP_0601_3ce7045bd9,1,1,0,1,1
sage_original_BPP_0602_3c40f4b494,1,1,0,1,1
sage_original_BPP_0603_d5a83f202c,1,1,0,1,1
sage_original_BPP_0604_ba0c3f904d,1,1,0,1,1
sage_original_BPP_0605_63b18c1deb,1,1,0,1,1
sage_original_BPP_0606_87f69304e1,1,1,0,1,1
sage_original_BPP_0607_6740f51871,1,1,0,1,1
sage_original_BPP_0608_1399916626,1,1,0,1,1
sage_original_BPP_0609_8264cf89c1,1,1,0,1,1
sage_original_BPP_0610_c31d1c94cf,1,1,0,1,1
sage_original_BPP_0611_e2eb0f1cd7,1,1,0,1,1
sage_original_BPP_0612_8ac7245765,1,1,0,1,1
sage_original_BPP_0613_8da03162cc,1,1,0,1,1
sage_original_BPP_0614_5f053f0810,1,1,0,1,1
sage_original_BPP_0615_419ceb0445,1,1,0,1,1
sage_original_BPP_0616_9844d1efc6,1,1,0,1,1
sage_original_BPP_0617_8044e58db8,1,1,0,1,1
sage_original_BPP_0618_447dee95b2,1,1,0,1,1
sage_original_BPP_0619_6cdf2d727c,1,1,0,1,1
sage_original_BPP_0620_fc7450b8f2,1,1,0,1,1
sage_original_BPP_0621_a7487e37b4,1,1,0,1,1
sage_original_BPP_0622_aefe186887,1,1,0,1,1
sage_original_BPP_0623_4a2771455a,1,1,0,1,1
sage_original_BPP_0624_979f0c933a,1,1,0,1,1
sage_original_BPP_0625_6bead7a309,1,1,0,1,1
sage_original_BPP_0626_7d81d28e6e,1,1,0,1,1
sage_original_BPP_0627_1e508c2056,1,1,0,1,1
sage_original_BPP_0628_80b124b4fc,1,1,0,1,1
sage_original_BPP_0629_dcafda9a8a,1,1,0,1,1
sage_original_BPP_0630_401be299d3,1,1,0,1,1
sage_original_BPP_0631_5d4c035325,1,1,0,1,1
sage_original_BPP_0632_6434689b43,1,1,0,1,1
sage_original_BPP_0633_aae17617bd,1,1,0,1,1
sage_original_BPP_0634_6d4f82aaa2,1,1,0,1,1
sage_original_BPP_0635_a814e849ce,1,1,0,1,1
sage_original_BPP_0636_81e0d04ccc,1,1,0,1,1
sage_original_BPP_0637_b827c6113e,1,1,0,1,1
sage_original_BPP_0638_521ec7ed13,1,1,0,1,1
sage_original_BPP_0639_fc362fc34b,1,1,0,1,1
sage_original_BPP_0640_6984c1e6de,1,1,0,1,1
sage_original_BPP_0641_67f4c50ba7,1,1,0,1,1
sage_original_BPP_0642_148b8d57ed,1,1,0,1,1
sage_original_BPP_0643_3b4d03eac9,1,1,0,1,1
sage_original_BPP_0644_0fc0ea15c4,1,1,0,1,1
sage_original_BPP_0645_a79646964e,1,1,0,1,1
sage_original_BPP_0646_1c94bfddb4,1,1,0,1,1
sage_original_BPP_0647_cdc7679900,1,1,0,1,1
sage_original_BPP_0648_aaee10a11f,1,1,0,1,1
sage_original_BPP_0649_87d6874cb6,1,1,0,1,1
sage_original_BPP_0650_acffd3ba15,1,1,0,1,1
sage_original_BPP_0651_c1523e65c4,1,1,0,1,1
sage_original_BPP_0652_258cf33006,1,1,0,1,1
sage_original_BPP_0653_e0bff5b3e3,1,1,0,1,1
sage_original_BPP_0654_904d8d8038,1,1,0,1,1
sage_original_BPP_0655_c6473836e3,1,1,0,1,1
sage_original_BPP_0656_c456d44472,1,1,0,1,1
sage_original_BPP_0657_278de98e67,1,1,0,1,1
sage_original_BPP_0658_7e8b8d6bc9,1,1,0,1,1
sage_original_BPP_0659_13b4beda0c,1,1,0,1,1
sage_original_BPP_0660_7101c60d6d,1,1,0,1,1
sage_original_BPP_0661_34398a12d3,1,1,0,1,1
sage_original_BPP_0662_6953abb29f,1,1,0,1,1
sage_original_BPP_0663_c5747ea01c,1,1,0,1,1
sage_original_BPP_0664_07be325516,1,1,0,1,1
sage_original_BPP_0665_95095d38b6,1,1,0,1,1
sage_original_BPP_0666_25903ac3b1,1,1,0,1,1
sage_original_BPP_0667_e832d8fd2b,1,1,0,1,1
sage_original_BPP_0668_45d93d6d9d,1,1,0,1,1
sage_original_BPP_0669_f1acfabd75,1,1,0,1,1
sage_original_BPP_0670_eaf89671e1,1,1,0,1,1
sage_original_BPP_0671_6c9df0d998,1,1,0,1,1
sage_original_BPP_0672_723ef60a28,1,1,0,1,1
sage_original_BPP_0673_7ac844be7a,1,1,0,1,1
sage_original_BPP_0674_a4433bed18,1,1,0,1,1
sage_original_BPP_0675_ae3edad0d0,1,1,0,1,1
sage_original_BPP_0676_65dccaeefe,1,1,0,1,1
sage_original_BPP_0677_f5260fab33,1,1,0,1,1
sage_original_BPP_0678_9bc70550f4,1,1,0,1,1
sage_original_BPP_0679_d135d6dfbf,1,1,0,1,1
sage_original_BPP_0680_e4ac69d43e,1,1,0,1,1
sage_original_BPP_0681_33d56baa17,1,1,0,1,1
sage_original_BPP_0682_3629359e7a,1,1,0,1,1
sage_original_BPP_0683_8e01eff34d,1,1,0,1,1
sage_original_BPP_0684_3ae4656146,1,1,0,1,1
sage_original_BPP_0685_951ab6f94d,1,1,0,1,1
sage_original_BPP_0686_18fd316715,1,1,0,1,1
sage_original_BPP_0687_bcb496bba0,1,1,0,1,1
sage_original_BPP_0688_faf7358997,1,1,0,1,1
sage_original_BPP_0689_6b0c288315,1,1,0,1,1
sage_original_BPP_0690_b87f3f8331,1,1,0,1,1
sage_original_BPP_0691_b4f10ff7f0,1,1,0,1,1
sage_original_BPP_0692_4fd0092486,1,1,0,1,1
sage_original_BPP_0693_1e4ad2289f,1,1,0,1,1
sage_original_BPP_0694_b34b6dca9c,1,1,0,1,1
sage_original_BPP_0695_1cd12ac13e,1,1,0,1,1
sage_original_BPP_0696_24b04b3d4e,1,1,0,1,1
sage_original_BPP_0697_61e2e5e518,1,1,0,1,1
sage_original_BPP_0698_707514bf68,1,1,0,1,1
sage_original_BPP_0699_52c08552d1,1,1,0,1,1
sage_original_BPP_0700_786455852f,1,1,0,1,1
sage_original_BPP_0701_759998cf6e,1,1,0,1,1
sage_original_BPP_0702_a051fbcbaf,1,1,0,1,1
sage_original_BPP_0703_dc34357da6,1,1,0,1,1
sage_original_BPP_0704_63fbde3ee6,1,1,0,1,1
sage_original_BPP_0705_57ab1dfad1,1,1,0,1,1
sage_original_BPP_0706_aedc818b62,1,1,0,1,1
sage_original_BPP_0707_00491165b9,1,1,0,1,1
sage_original_BPP_0708_b8d0988543,1,1,0,1,1
sage_original_BPP_0709_23d3cd7749,1,1,0,1,1
sage_original_BPP_0710_226378941e,1,1,0,1,1
sage_original_BPP_0711_6ad5e84e45,1,1,0,1,1
sage_original_BPP_0712_0c92bbb507,1,1,0,1,1
sage_original_BPP_0713_999d6c2e4f,1,1,0,1,1
sage_original_BPP_0714_008f1c0e6b,1,1,0,1,1
sage_original_BPP_0715_a65a9b76cc,1,1,0,1,1
sage_original_BPP_0716_d1468339b3,1,1,0,1,1
sage_original_BPP_0717_25c788f364,1,1,0,1,1
sage_original_BPP_0718_a753c91954,1,1,0,1,1
sage_original_BPP_0719_3d40404c65,1,1,0,1,1
sage_original_BPP_0720_1cb6563e7f,1,1,0,1,1
sage_original_BPP_0721_1e425de7cb,1,1,0,1,1
sage_original_BPP_0722_f97017ae93,1,1,0,1,1
sage_original_BPP_0723_cdc836f8db,1,1,0,1,1
sage_original_BPP_0724_c7a6ca8b31,1,1,0,1,1
sage_original_BPP_0725_2754e74ace,1,1,0,1,1
sage_original_BPP_0726_33112ce9a2,1,1,0,1,1
sage_original_BPP_0727_0d1b135edf,1,1,0,1,1
sage_original_BPP_0728_083ea6978e,1,1,0,1,1
sage_original_BPP_0729_ac44f0c091,1,1,0,1,1
sage_original_BPP_0730_718d5fad6d,1,1,0,1,1
sage_original_BPP_0731_8690f19e6d,1,1,0,1,1
sage_original_BPP_0732_99c84bddbe,1,1,0,1,1
sage_original_BPP_0733_b6e4ed7630,1,1,0,1,1
sage_original_BPP_0734_97c17d82b8,1,1,0,1,1
sage_original_BPP_0735_13051650f5,1,1,0,1,1
sage_original_BPP_0736_a629c8a59c,1,1,0,1,1
sage_original_BPP_0737_e57a44f85e,1,1,0,1,1
sage_original_BPP_0738_74748e65c8,1,1,0,1,1
sage_original_BPP_0739_2309fc4b34,1,1,0,1,1
sage_original_BPP_0740_c18f288d5c,1,1,0,1,1
sage_original_BPP_0741_1df24b13e7,1,1,0,1,1
sage_original_BPP_0742_54d1c0d28a,1,1,0,1,1
sage_original_BPP_0743_9f02f2e9b6,1,1,1,1,1
sage_original_BPP_0744_c8613b6e32,1,1,0,1,1
sage_original_BPP_0745_6456099ab5,1,1,0,1,1
sage_original_BPP_0746_f20588fb59,1,1,0,1,1
sage_original_BPP_0747_10265b6bee,1,1,0,1,1
sage_original_BPP_0748_b229621cba,1,1,0,1,1
sage_original_BPP_0749_8bf00cc3cf,1,1,0,1,1
sage_original_BPP_0750_fdf4cc4f6c,1,1,0,1,1
sage_original_BPP_0751_7310bf1d65,1,1,0,1,1
sage_original_BPP_0752_b5c90e65b5,1,1,0,1,1
sage_original_BPP_0753_b9e8f08865,1,1,0,1,1
sage_original_BPP_0754_b2ba61be40,1,1,0,1,1
sage_original_BPP_0755_1c3c9579d0,1,1,0,1,1
sage_original_BPP_0756_c1f17324f4,1,1,0,1,1
sage_original_BPP_0757_6d925d8621,1,1,0,1,1
sage_original_BPP_0758_2efd737720,1,1,0,1,1
sage_original_BPP_0759_9985776c10,1,1,0,1,1
sage_original_BPP_0760_c3488f8427,1,1,0,1,1
sage_original_BPP_0761_ad3e6696b2,1,1,0,1,1
sage_original_BPP_0762_6d6d2c9f34,1,1,0,1,1
sage_original_BPP_0763_1a2249484e,1,1,0,1,1
sage_original_BPP_0764_8910375354,1,1,0,1,1
sage_original_BPP_0765_05da97feca,1,1,0,1,1
sage_original_BPP_0766_6b8fc56d00,1,1,0,1,1
sage_original_BPP_0767_9f1d4d08bd,1,1,0,1,1
sage_original_BPP_0768_be57c24755,1,1,0,1,1
sage_original_BPP_0769_b2a1da047c,1,1,0,1,1
sage_original_BPP_0770_077fad2da6,1,1,0,1,1
sage_original_BPP_0771_8acf23a602,1,1,0,1,1
sage_original_BPP_0772_c172bd5b6e,1,1,0,1,1
sage_original_BPP_0773_6e857039df,1,1,0,1,1
sage_original_BPP_0774_c6aaa4037f,1,1,0,1,1
sage_original_BPP_0775_9bcad2fc5b,1,1,0,1,1
sage_original_BPP_0776_9b0f096942,1,1,0,1,1
sage_original_BPP_0777_fe881eed66,1,1,0,1,1
sage_original_BPP_0778_09156c3518,1,1,0,1,1
sage_original_BPP_0779_43390df6e3,1,1,0,1,1
sage_original_BPP_0780_6acb9a85dd,1,1,0,1,1
sage_original_BPP_0781_29c3af49ec,1,1,0,1,1
sage_original_BPP_0782_112a67c2b0,1,1,0,1,1
sage_original_BPP_0783_ff04cd792b,1,1,0,1,1
sage_original_BPP_0784_58920ae6ff,1,1,0,1,1
sage_original_BPP_0785_6eae01946f,1,1,0,1,1
sage_original_BPP_0786_e6c4648418,1,1,0,1,1
sage_original_BPP_0787_17f21e8a99,1,1,0,1,1
sage_original_BPP_0788_6e4ce2ccae,1,1,0,1,1
sage_original_BPP_0789_66e2e0c1bd,1,1,0,1,1
sage_original_BPP_0790_b544d1ae62,1,1,0,1,1
sage_original_BPP_0791_cd831607e1,1,1,0,1,1
sage_original_BPP_0792_f65c4d4c0a,1,1,0,1,1
sage_original_BPP_0793_2714318ddb,1,1,0,1,1
sage_original_BPP_0794_163df29b04,1,1,0,1,1
sage_original_BPP_0795_ae3f72488a,1,1,0,1,1
sage_original_BPP_0796_3f268add44,1,1,0,1,1
sage_original_BPP_0797_dab25b695b,1,1,0,1,1
sage_original_BPP_0798_ba6ff0e8b8,1,1,0,1,1
sage_original_BPP_0799_5658ceb9c9,1,1,0,1,1
sage_original_BPP_0800_63253fd02a,1,1,0,1,1
sage_original_BPP_0801_c11d7d9fb0,1,1,0,1,1
sage_original_BPP_0802_5eaf815a9f,1,1,0,1,1
sage_original_BPP_0803_52f0689185,1,1,0,1,1
sage_original_BPP_0804_12425d899f,1,1,1,1,1
sage_original_BPP_0805_e79a66f8fc,1,1,0,1,1
sage_original_BPP_0806_05031f7f7b,1,1,0,1,1
sage_original_BPP_0807_3359a48d23,1,1,0,1,1
sage_original_BPP_0808_93c9f1cbfb,1,1,0,1,1
sage_original_BPP_0809_3f500d6af8,1,1,0,1,1
sage_original_BPP_0810_bc48ffdd4d,1,1,0,1,1
sage_original_BPP_0811_5cfffb24fb,1,1,0,1,1
sage_original_BPP_0812_938486d59a,1,1,0,1,1
sage_original_BPP_0813_1121b06e75,1,1,0,1,1
sage_original_BPP_0814_14722526c1,1,1,0,1,1
sage_original_BPP_0815_0fd3ad4439,1,1,0,1,1
sage_original_BPP_0816_2a261d1074,1,1,0,1,1
sage_original_BPP_0817_4f84cb3d46,1,1,0,1,1
sage_original_BPP_0818_b88d8ea91e,1,1,0,1,1
sage_original_BPP_0819_f4642a926a,1,1,0,1,1
sage_original_BPP_0820_7699031324,1,1,0,1,1
sage_original_BPP_0821_d09b37e774,1,1,0,1,1
sage_original_BPP_0822_c19d759896,1,1,0,1,1
sage_original_BPP_0823_46cd6e945f,1,1,0,1,1
sage_original_BPP_0824_e608b0e715,1,1,0,1,1
sage_original_BPP_0825_86db9e0a74,1,1,0,1,1
sage_original_BPP_0826_3db5cc9673,1,1,0,1,1
sage_original_BPP_0827_2a8a300629,1,1,0,1,1
sage_original_BPP_0828_979dda4700,1,1,0,1,1
sage_original_BPP_0829_e9e838cc4a,1,1,0,1,1
sage_original_BPP_0830_cf8345efda,1,1,0,1,1
sage_original_BPP_0831_f09b47e7ee,1,1,0,1,1
sage_original_BPP_0832_e89535a4d7,1,1,0,1,1
sage_original_BPP_0833_4ae3089e36,1,1,0,1,1
sage_original_BPP_0834_00bc35ca9f,1,1,0,1,1
sage_original_BPP_0835_f028fa317c,1,1,0,1,1
sage_original_BPP_0836_99c63f1743,1,1,0,1,1
sage_original_BPP_0837_4dcbcf3233,1,1,0,1,1
sage_original_BPP_0838_9502474491,1,1,0,1,1
sage_original_BPP_0839_3b9d15c9fe,1,1,0,1,1
sage_original_BPP_0840_e5442c5fdc,1,1,0,1,1
sage_original_BPP_0841_eb836b07e3,1,1,0,1,1
sage_original_BPP_0842_7060f0ca17,1,1,0,1,1
sage_original_BPP_0843_730f45234e,1,1,0,1,1
sage_original_BPP_0844_5d27e2c2f8,1,1,0,1,1
sage_original_BPP_0845_289e0be720,1,1,0,1,1
sage_original_BPP_0846_0e72fd245e,1,1,0,1,1
sage_original_BPP_0847_37fd7faf7d,1,1,0,1,1
sage_original_BPP_0848_9995b26299,1,1,0,1,1
sage_original_BPP_0849_15db74c01c,1,1,0,1,1
sage_original_BPP_0850_f778035f37,1,1,0,1,1
sage_original_BPP_0851_e998fedf7c,1,1,0,1,1
sage_original_BPP_0852_779aa1506d,1,1,0,1,1
sage_original_BPP_0853_99129830e1,1,1,0,1,1
sage_original_BPP_0854_c20c701b30,1,1,0,1,1
sage_original_BPP_0855_dcbe97fee0,1,1,0,1,1
sage_original_BPP_0856_7c7c13db11,1,1,0,1,1
sage_original_BPP_0857_8c5a46d8a9,1,1,0,1,1
sage_original_BPP_0858_c4709d3ffd,1,1,0,1,1
sage_original_BPP_0859_5330c803cc,1,1,0,1,1
sage_original_BPP_0860_4a98cfa61b,1,1,0,1,1
sage_original_BPP_0861_bfd5231eed,1,1,0,1,1
sage_original_BPP_0862_e57a4c18d9,1,1,0,1,1
sage_original_BPP_0863_3d1752b509,1,1,0,1,1
sage_original_BPP_0864_135708c9cc,1,1,0,1,1
sage_original_BPP_0865_f8cbe3935f,1,1,0,1,1
sage_original_BPP_0866_7f2f136324,1,1,0,1,1
sage_original_BPP_0867_66313c3b86,1,1,0,1,1
sage_original_BPP_0868_3e70fce01f,1,1,0,1,1
sage_original_BPP_0869_de4cec8721,1,1,0,1,1
sage_original_BPP_0870_83ba74a98c,1,1,0,1,1
sage_original_BPP_0871_0ce58311d2,1,1,0,1,1
sage_original_BPP_0872_53fedfdea0,1,1,0,1,1
sage_original_BPP_0873_3499ba0bbf,1,1,0,1,1
sage_original_BPP_0874_5935ca1f8a,1,1,0,1,1
sage_original_BPP_0875_e53cf11b7a,1,1,0,1,1
sage_original_BPP_0876_07f900297a,1,1,0,1,1
sage_original_BPP_0877_d8a13b7a09,1,1,0,1,1
sage_original_BPP_0878_6662e088fc,1,1,0,1,1
sage_original_BPP_0879_54032d7b1c,1,1,0,1,1
sage_original_BPP_0880_5ed049d248,1,1,0,1,1
sage_original_BPP_0881_96979a3838,1,1,0,1,1
sage_original_BPP_0882_5137f79be4,1,1,0,1,1
sage_original_BPP_0883_cd8dc01a5f,1,1,0,1,1
sage_original_BPP_0884_9ec7ad2885,1,1,0,1,1
sage_original_BPP_0885_bd29d67732,1,1,0,1,1
sage_original_BPP_0886_b200a45140,1,1,0,1,1
sage_original_BPP_0887_fcd45a25be,1,1,0,1,1
sage_original_BPP_0888_8ef37e9a22,1,1,0,1,1
sage_original_BPP_0889_b4b5c4ef93,1,1,0,1,1
sage_original_BPP_0890_e58d70e08a,1,1,0,1,1
sage_original_BPP_0891_18fb1f0377,1,1,0,1,1
sage_original_BPP_0892_686d50e3e4,1,1,0,1,1
sage_original_BPP_0893_7e381b6aa3,1,1,0,1,1
sage_original_BPP_0894_08e18a36d2,1,1,0,1,1
sage_original_BPP_0895_eff065e14e,1,1,0,1,1
sage_original_BPP_0896_eadc234b25,1,1,0,1,1
sage_original_BPP_0897_7906e055f5,1,1,0,1,1
sage_original_BPP_0898_afbdfd6211,1,1,0,1,1
sage_original_BPP_0899_48da3c0d39,1,1,0,1,1
sage_original_BPP_0900_e84ea4534c,1,1,0,1,1
sage_original_BPP_0901_06c2be82d8,1,1,0,1,1
sage_original_BPP_0902_c61bd07f5c,1,1,0,1,1
sage_original_BPP_0903_aa7a292e6a,1,1,0,1,1
sage_original_BPP_0904_4b8d3be785,1,1,0,1,1
sage_original_BPP_0905_a956b1dde6,1,1,0,1,1
sage_original_BPP_0906_d95b422a8d,1,1,0,1,1
sage_original_BPP_0907_c3618517d7,1,1,0,1,1
sage_original_BPP_0908_c56d4163bd,1,1,0,1,1
sage_original_BPP_0909_a47e83561d,1,1,0,1,1
sage_original_BPP_0910_52c5f003a5,1,1,0,1,1
sage_original_BPP_0911_2bf072489c,1,1,0,1,1
sage_original_BPP_0912_e405d08b61,1,1,0,1,1
sage_original_BPP_0913_03c3bdf8fd,1,1,0,1,1
sage_original_BPP_0914_908f595318,1,1,0,1,1
sage_original_BPP_0915_b5d4a4609e,1,1,0,1,1
sage_original_BPP_0916_6d94fc5610,1,1,0,1,1
sage_original_BPP_0917_dce0c82512,1,1,0,1,1
sage_original_BPP_0918_e6586f83af,1,1,0,1,1
sage_original_BPP_0919_4da6082516,1,1,0,1,1
sage_original_BPP_0920_23816d7676,1,1,0,1,1
sage_original_BPP_0921_96306130e3,1,1,0,1,1
sage_original_BPP_0922_8fee5ffd3a,1,1,0,1,1
sage_original_BPP_0923_f8f01245ff,1,1,0,1,1
sage_original_BPP_0924_77cad43bd1,1,1,0,1,1
sage_original_BPP_0925_11d903f0b5,1,1,0,1,1
sage_original_BPP_0926_a905277617,1,1,0,1,1
sage_original_BPP_0927_4f70efa98e,1,1,0,1,1
sage_original_BPP_0928_b865b1d0c0,1,1,0,1,1
sage_original_BPP_0929_684c1b3aa1,1,1,0,1,1
sage_original_BPP_0930_d69213027d,1,1,0,1,1
sage_original_BPP_0931_cdc2de6df8,1,1,0,1,1
sage_original_BPP_0932_777932a495,1,1,0,1,1
sage_original_BPP_0933_b3530e9a3b,1,1,0,1,1
sage_original_BPP_0934_5a8b70c583,1,1,0,1,1
sage_original_BPP_0935_8dd4fd7bae,1,1,0,1,1
sage_original_BPP_0936_94cd4fe51f,1,1,0,1,1
sage_original_BPP_0937_a577dfa1d0,1,1,0,1,1
sage_original_BPP_0938_e12ce39075,1,1,0,1,1
sage_original_BPP_0939_9e92e0bc25,1,1,0,1,1
sage_original_BPP_0940_c1aca230da,1,1,0,1,1
sage_original_BPP_0941_a708b64e3d,1,1,0,1,1
sage_original_BPP_0942_019b01ce44,1,1,0,1,1
sage_original_BPP_0943_fbe631cb9c,1,1,0,1,1
sage_original_BPP_0944_9c4f45ec40,1,1,0,1,1
sage_original_BPP_0945_053b222049,1,1,0,1,1
sage_original_BPP_0946_e9873b2682,1,1,0,1,1
sage_original_BPP_0947_e1d190916c,1,1,0,1,1
sage_original_BPP_0948_85f906bbbb,1,1,0,1,1
sage_original_BPP_0949_aeec9c7642,1,1,0,1,1
sage_original_BPP_0950_7007013c7e,1,1,0,1,1
sage_original_BPP_0951_fa16d8d121,1,1,0,1,1
sage_original_BPP_0952_9dcf059571,1,1,0,1,1
sage_original_BPP_0953_ff8b97c95e,1,1,0,1,1
sage_original_BPP_0954_f26a4cbf23,1,1,0,1,1
sage_original_BPP_0955_264f57e718,1,1,0,1,1
sage_original_BPP_0956_c122bed821,1,1,0,1,1
sage_original_BPP_0957_bf74fc0a62,1,1,0,1,1
sage_original_BPP_0958_bd19525ba6,1,1,0,1,1
sage_original_BPP_0959_66cd22003c,1,1,0,1,1
sage_original_BPP_0960_63558d5be6,1,1,0,1,1
sage_original_BPP_0961_34f60647d8,1,1,0,1,1
sage_original_BPP_0962_bfff855ff8,1,1,0,1,1
sage_original_BPP_0963_8ce619fdce,1,1,0,1,1
sage_original_BPP_0964_754475702d,1,1,0,1,1
sage_original_BPP_0965_40a68b2f55,1,1,0,1,1
sage_original_BPP_0966_52edbc786f,1,1,0,1,1
sage_original_BPP_0967_d00a439a75,1,1,0,1,1
sage_original_BPP_0968_4a6e11feea,1,1,0,1,1
sage_original_BPP_0969_bd3b9e7450,1,1,0,1,1
sage_original_BPP_0970_6f9b10c528,1,1,0,1,1
sage_original_BPP_0971_939c696b80,1,1,0,1,1
sage_original_BPP_0972_89c88de8b8,1,1,0,1,1
sage_original_BPP_0973_f684b2de2d,1,1,0,1,1
sage_original_BPP_0974_9a5f4ed8e9,1,1,0,1,1
sage_original_BPP_0975_392e3439ea,1,1,0,1,1
sage_original_BPP_0976_0b310f7c05,1,1,0,1,1
sage_original_BPP_0977_52e118ae33,1,1,0,1,1
sage_original_BPP_0978_b24488b26b,1,1,0,1,1
sage_original_BPP_0979_26e396bf71,1,1,0,1,1
sage_original_BPP_0980_5a20b92b90,1,1,0,1,1
sage_original_BPP_0981_7ff8b9cde2,1,1,0,1,1
sage_original_BPP_0982_f36642d8f1,1,1,0,1,1
sage_original_BPP_0983_4b418b84ed,1,1,0,1,1
sage_original_BPP_0984_ec9b614355,1,1,0,1,1
sage_original_BPP_0985_00cbb1683e,1,1,0,1,1
sage_original_BPP_0986_7f1078f9ea,1,1,0,1,1
sage_original_BPP_0987_88daedeae5,1,1,0,1,1
sage_original_BPP_0988_a9054e2a70,1,1,0,1,1
sage_original_BPP_0989_37f8747934,1,1,0,1,1
sage_original_BPP_0990_6355e7351e,1,1,0,1,1
sage_original_BPP_0991_d967726eb9,1,1,0,1,1
sage_original_BPP_0992_6e27dce570,1,1,0,1,1
sage_original_BPP_0993_8ee8012f88,1,1,0,1,1
sage_original_BPP_0994_c0e425ecbf,1,1,1,1,1
sage_original_BPP_0995_7e8940ea54,1,1,0,1,1
sage_original_BPP_0996_8ecb914096,1,1,0,1,1
sage_original_BPP_0997_7df5634987,1,1,0,1,1
sage_original_BPP_0998_de8060cc9f,1,1,0,1,1
sage_original_BPP_0999_2ca7e06d4c,1,1,0,1,1
sage_original_BPP_1000_590801338e,1,1,0,1,1
sage_original_BPP_1001_3f3a1c3974,1,1,0,1,1
sage_original_BPP_1002_883cdc80fb,1,1,0,1,1
sage_original_BPP_1003_2afd22f3e7,1,1,0,1,1
sage_original_BPP_1004_3eaa0d38e2,1,1,0,1,1
sage_original_BPP_1005_4cd1bcf740,1,1,0,1,1
sage_original_BPP_1006_e7cbdfb94b,1,1,0,1,1
sage_original_BPP_1007_854ca1875e,1,1,0,1,1
sage_original_BPP_1008_7675b5a4e6,1,1,0,1,1
sage_original_BPP_1009_aef6b0f66b,1,1,0,1,1
sage_original_BPP_1010_f0e8fe5abf,1,1,0,1,1
sage_original_BPP_1011_282060e91e,1,1,0,1,1
sage_original_BPP_1012_2a49602004,1,1,0,1,1
sage_original_BPP_1013_9d2aba66ef,1,1,0,1,1
sage_original_BPP_1014_1ab92b06d9,1,1,0,1,1
sage_original_BPP_1015_24e3d0ec18,1,1,0,1,1
sage_original_BPP_1016_ae4eb23651,1,1,0,1,1
sage_original_BPP_1017_8233a8e2a2,1,1,0,1,1
sage_original_BPP_1018_9c8ee5d325,1,1,0,1,1
sage_original_BPP_1019_1f530a7917,1,1,0,1,1
sage_original_BPP_1020_4a6f199998,1,1,0,1,1
sage_original_BPP_1021_e7cd470805,1,1,0,1,1
sage_original_BPP_1022_bd9e6644b4,1,1,0,1,1
sage_original_BPP_1023_51ca6f2efa,1,1,0,1,1
sage_original_BPP_1024_82030a6e8b,1,1,0,1,1
sage_original_BPP_1025_a0e7b9e758,1,1,0,1,1
sage_original_BPP_1026_dc98cf1330,1,1,0,1,1
sage_original_BPP_1027_44245e16a8,1,1,0,1,1
sage_original_BPP_1028_da912ac7fb,1,1,0,1,1
sage_original_BPP_1029_4d02764d07,1,1,0,1,1
sage_original_BPP_1030_7ac6fd8119,1,1,0,1,1
sage_original_BPP_1031_0aba13f1c4,1,1,0,1,1
sage_original_BPP_1032_f989582ac4,1,1,0,1,1
sage_original_BPP_1033_03337bb086,1,1,0,1,1
sage_original_BPP_1034_8cc2a05ae2,1,1,0,1,1
sage_original_BPP_1035_df1e6190be,1,1,0,1,1
sage_original_BPP_1036_1901bd0dd3,1,1,0,1,1
sage_original_BPP_1037_0a99684a42,1,1,0,1,1
sage_original_BPP_1038_3bf257c03a,1,1,0,1,1
sage_original_BPP_1039_524da2725b,1,1,0,1,1
sage_original_BPP_1040_6ff3e731e0,1,1,0,1,1
sage_original_BPP_1041_a725be6874,1,1,0,1,1
sage_original_BPP_1042_9c870a0eca,1,1,0,1,1
sage_original_BPP_1043_4110137aad,1,1,0,1,1
sage_original_BPP_1044_a9e018ea5d,1,1,0,1,1
sage_original_BPP_1045_fdb461e6e8,1,1,0,1,1
sage_original_BPP_1046_c12429fb36,1,1,0,1,1
sage_original_BPP_1047_92f42a0e00,1,1,0,1,1
sage_original_BPP_1048_d8b8bdfc09,1,1,0,1,1
sage_original_BPP_1049_a744f05726,1,1,0,1,1
sage_original_BPP_1050_9a40b91532,1,1,0,1,1
sage_original_BPP_1051_bfef40ebc3,1,1,0,1,1
sage_original_BPP_1052_c44a7b050d,1,1,0,1,1
sage_original_BPP_1053_da05084e4f,1,1,0,1,1
sage_original_BPP_1054_ac25d62d15,1,1,0,1,1
sage_original_BPP_1055_6a5de69ea7,1,1,0,1,1
sage_original_BPP_1056_02277e8ff8,1,1,0,1,1
sage_original_BPP_1057_0172b15bae,1,1,0,1,1
sage_original_BPP_1058_9e1d7b2e89,1,1,0,1,1
sage_original_BPP_1059_b3090b7ee0,1,1,0,1,1
sage_original_BPP_1060_bba4008b6d,1,1,0,1,1
sage_original_BPP_1061_de3d58c196,1,1,0,1,1
sage_original_BPP_1062_9916a6f177,1,1,0,1,1
sage_original_BPP_1063_91d0eb6295,1,1,0,1,1
sage_original_BPP_1064_b696238a2d,1,1,0,1,1
sage_original_BPP_1065_5be1803632,1,1,0,1,1
sage_original_BPP_1066_da0b0285bd,1,1,0,1,1
sage_original_BPP_1067_838b1e2235,1,1,0,1,1
sage_original_BPP_1068_b53cb4a816,1,1,0,1,1
sage_original_BPP_1069_08b16a6728,1,1,0,1,1
sage_original_BPP_1070_7b9e96a55c,1,1,0,1,1
sage_original_BPP_1071_20fe8d4413,1,1,0,1,1
sage_original_BPP_1072_4912bd8247,1,1,0,1,1
sage_original_BPP_1073_101f760efb,1,1,0,1,1
sage_original_BPP_1074_50d5b921f4,1,1,0,1,1
sage_original_BPP_1075_19f014429f,1,1,0,1,1
sage_original_BPP_1076_19f1473f24,1,1,0,1,1
sage_original_BPP_1077_48f5b7196a,1,1,0,1,1
sage_original_BPP_1078_d5bc7d8198,1,1,0,1,1
sage_original_BPP_1079_fa25c59699,1,1,0,1,1
sage_original_BPP_1080_dc77a8058e,1,1,0,1,1
sage_original_BPP_1081_dec0484426,1,1,0,1,1
sage_original_BPP_1082_f97826f641,1,1,0,1,1
sage_original_BPP_1083_0d29eb1400,1,1,0,1,1
sage_original_BPP_1084_f1dd7674b9,1,1,0,1,1
sage_original_BPP_1085_863db4c43c,1,1,0,1,1
sage_original_BPP_1086_de3405d847,1,1,0,1,1
sage_original_BPP_1087_936e9eaa23,1,1,0,1,1
sage_original_BPP_1088_eefb5183f4,1,1,0,1,1
sage_original_BPP_1089_a5f6b77426,1,1,0,1,1
sage_original_BPP_1090_b5d995d86f,1,1,0,1,1
sage_original_BPP_1091_fc441962ff,1,1,0,1,1
sage_original_BPP_1092_54c0869e08,1,1,0,1,1
sage_original_BPP_1093_e7954ba4ca,1,1,0,1,1
sage_original_BPP_1094_0c70cccbad,1,1,0,1,1
sage_original_BPP_1095_30451cb75f,1,1,0,1,1
sage_original_BPP_1096_2e84841eed,1,1,0,1,1
sage_original_BPP_1097_28d0eb58ff,1,1,0,1,1
sage_original_BPP_1098_0371052b95,1,1,0,1,1
sage_original_BPP_1099_445d0b49fd,1,1,0,1,1
sage_original_BPP_1100_e9e023607d,1,1,0,1,1
sage_original_BPP_1101_125dce6e4e,1,1,0,1,1
sage_original_BPP_1102_e3ee98aa43,1,1,0,1,1
sage_original_BPP_1103_e49eab9e16,1,1,0,1,1
sage_original_BPP_1104_1469b6881a,1,1,0,1,1
sage_original_BPP_1105_3a6bc2e36e,1,1,0,1,1
sage_original_BPP_1106_09f81b0c99,1,1,0,1,1
sage_original_BPP_1107_c43373e441,1,1,0,1,1
sage_original_BPP_1108_004693bd11,1,1,0,1,1
sage_original_BPP_1109_dddac9206c,1,1,0,1,1
sage_original_BPP_1110_4961380a7a,1,1,0,1,1
sage_original_BPP_1111_d544435ced,1,1,0,1,1
sage_original_BPP_1112_920e32232d,1,1,0,1,1
sage_original_BPP_1113_5b16656887,1,1,0,1,1
sage_original_BPP_1114_6c4d47419b,1,1,0,1,1
sage_original_BPP_1115_d7ddf4bbba,1,1,0,1,1
sage_original_BPP_1116_820a2092e6,1,1,0,1,1
sage_original_BPP_1117_af4cd9b3c7,1,1,0,1,1
sage_original_BPP_1118_6660a4ab12,1,1,0,1,1
sage_original_BPP_1119_e475b3da31,1,1,0,1,1
sage_original_BPP_1120_042d3468d5,1,1,0,1,1
sage_original_BPP_1121_1900398981,1,1,0,1,1
sage_original_BPP_1122_2abb6161e9,1,1,0,1,1
sage_original_BPP_1123_d97fc5550f,1,1,0,1,1
sage_original_BPP_1124_1b9e6ca703,1,1,0,1,1
sage_original_BPP_1125_baecbfe79d,1,1,0,1,1
sage_original_BPP_1126_d56f01da70,1,1,0,1,1
sage_original_BPP_1127_aaddc0aff5,1,1,0,1,1
sage_original_BPP_1128_e28cf26be2,1,1,0,1,1
sage_original_BPP_1129_a981f91df7,1,1,0,1,1
sage_original_BPP_1130_8dac3850d1,1,1,0,1,1
sage_original_BPP_1131_42876cd5ed,1,1,0,1,1
sage_original_BPP_1132_5c5cd0ba82,1,1,0,1,1
sage_original_BPP_1133_c71deb4fe9,1,1,0,1,1
sage_original_BPP_1134_7596c5e236,1,1,0,1,1
sage_original_BPP_1135_cf45d2c8bd,1,1,0,1,1
sage_original_BPP_1136_b47ef2d784,1,1,0,1,1
sage_original_BPP_1137_c08fdb9f62,1,1,0,1,1
sage_original_BPP_1138_4cf37f91f9,1,1,0,1,1
sage_original_BPP_1139_261694f622,1,1,0,1,1
sage_original_BPP_1140_243511f8ca,1,1,0,1,1
sage_original_BPP_1141_7517a3d593,1,1,0,1,1
sage_original_BPP_1142_d0ce04d9d6,1,1,0,1,1
sage_original_BPP_1143_339d48436f,1,1,0,1,1
sage_original_BPP_1144_724fa737ec,1,1,0,1,1
sage_original_BPP_1145_b19243e1bb,1,1,0,1,1
sage_original_BPP_1146_d495ede809,1,1,0,1,1
sage_original_BPP_1147_737a31d909,1,1,0,1,1
sage_original_BPP_1148_91fad942d7,1,1,0,1,1
sage_original_BPP_1149_0b5f81fd57,1,1,0,1,1
sage_original_BPP_1150_399c57f944,1,1,0,1,1
sage_original_BPP_1151_b3c44f2257,1,1,0,1,1
sage_original_BPP_1152_802968495e,1,1,0,1,1
sage_original_BPP_1153_99984aa235,1,1,0,1,1
sage_original_BPP_1154_94900f1712,1,1,0,1,1
sage_original_BPP_1155_3988e45cfa,1,1,0,1,1
sage_original_BPP_1156_974aede27f,1,1,0,1,1
sage_original_BPP_1157_c8bb8381be,1,1,0,1,1
sage_original_BPP_1158_82ca7f463c,1,1,0,1,1
sage_original_BPP_1159_61a49e4856,1,1,0,1,1
sage_original_BPP_1160_918e296185,1,1,0,1,1
sage_original_BPP_1161_e465b25772,1,1,0,1,1
sage_original_BPP_1162_c6467336ab,1,1,0,1,1
sage_original_BPP_1163_3cf3dd889e,1,1,0,1,1
sage_original_BPP_1164_90fedc4c39,1,1,0,1,1
sage_original_BPP_1165_3012e78b09,1,1,0,1,1
sage_original_BPP_1166_ef219f8c5c,1,1,0,1,1
sage_original_BPP_1167_a0e6243014,1,1,0,1,1
sage_original_BPP_1168_bdbe683af9,1,1,0,1,1
sage_original_BPP_1169_31b6d2b4b6,1,1,0,1,1
sage_original_BPP_1170_faef75530a,1,1,0,1,1
sage_original_BPP_1171_2381a958b3,1,1,0,1,1
sage_original_BPP_1172_39f4ab3b77,1,1,0,1,1
sage_original_BPP_1173_f45af5ca0f,1,1,0,1,1
sage_original_BPP_1174_1099603545,1,1,0,1,1
sage_original_BPP_1175_b613cd1ecb,1,1,0,1,1
sage_original_BPP_1176_55138915bb,1,1,0,1,1
sage_original_BPP_1177_078526265e,1,1,0,1,1
sage_original_BPP_1178_224f2e601b,1,1,0,1,1
sage_original_BPP_1179_9da0289fc0,1,1,0,1,1
sage_original_BPP_1180_f9370e7940,1,1,0,1,1
sage_original_BPP_1181_339365bc9a,1,1,0,1,1
sage_original_BPP_1182_cb857c1fb1,1,1,0,1,1
sage_original_BPP_1183_fcb36b420a,1,1,0,1,1
sage_original_BPP_1184_f62550ea1e,1,1,0,1,1
sage_original_BPP_1185_0f7975d393,1,1,0,1,1
sage_original_BPP_1186_b7edadcd62,1,1,0,1,1
sage_original_BPP_1187_b18453b217,1,1,0,1,1
sage_original_BPP_1188_039b67a641,1,1,0,1,1
sage_original_BPP_1189_90ab0368a6,1,1,0,1,1
sage_original_BPP_1190_9c27f887b0,1,1,0,1,1
sage_original_BPP_1191_f915fdae6b,1,1,0,1,1
sage_original_BPP_1192_84cc4d24ea,1,1,0,1,1
sage_original_BPP_1193_63e515d90d,1,1,0,1,1
sage_original_BPP_1194_9bbacc6dd6,1,1,0,1,1
sage_original_BPP_1195_645c4a493e,1,1,0,1,1
sage_original_BPP_1196_cbe0650202,1,1,0,1,1
sage_original_BPP_1197_12fc2557b2,1,1,0,1,1
sage_original_BPP_1198_1920f8b9b0,1,1,0,1,1
sage_original_BPP_1199_9bfc09f729,1,1,0,1,1
sage_original_BPP_1200_f1a780e351,1,1,0,1,1
sage_original_BPP_1201_a23097f450,1,1,0,1,1
sage_original_BPP_1202_2b65454970,1,1,0,1,1
sage_original_BPP_1203_727f79aab2,1,1,0,1,1
sage_original_BPP_1204_d8cbc230ca,1,1,0,1,1
sage_original_BPP_1205_421e9c0924,1,1,0,1,1
sage_original_BPP_1206_b752b4fd81,1,1,0,1,1
sage_original_BPP_1207_45a24fe16c,1,1,0,1,1
sage_original_BPP_1208_98192a05fe,1,1,0,1,1
sage_original_BPP_1209_fc5d51e7da,1,1,0,1,1
sage_original_BPP_1210_ddaf5662fc,1,1,0,1,1
sage_original_BPP_1211_b7c5aa779a,1,1,0,1,1
sage_original_BPP_1212_e4430d1371,1,1,0,1,1
sage_original_BPP_1213_7040ed6c75,1,1,0,1,1
sage_original_BPP_1214_43f8e69aea,1,1,0,1,1
sage_original_BPP_1215_bf7dd8e0cf,1,1,0,1,1
sage_original_BPP_1216_bb2f6e3f2c,1,1,0,1,1
sage_original_BPP_1217_39ca5bbb85,1,1,0,1,1
sage_original_BPP_1218_83765675a5,1,1,0,1,1
sage_original_BPP_1219_6f47cb49a5,1,1,0,1,1
sage_original_BPP_1220_62f5ec26d7,1,1,0,1,1
sage_original_BPP_1221_a234f2e042,1,1,0,1,1
sage_original_BPP_1222_81d8ed49ba,1,1,0,1,1
sage_original_BPP_1223_6255af0e06,1,1,0,1,1
sage_original_BPP_1224_acf22c624d,1,1,0,1,1
sage_original_BPP_1225_543459cc09,1,1,0,1,1
sage_original_BPP_1226_0d54daea47,1,1,0,1,1
sage_original_BPP_1227_7fef690b58,1,1,0,1,1
sage_original_BPP_1228_35a069515f,1,1,0,1,1
sage_original_BPP_1229_453f1341c3,1,1,0,1,1
sage_original_BPP_1230_976ae25cbf,1,1,0,1,1
sage_original_BPP_1231_981bb02106,1,1,0,1,1
sage_original_BPP_1232_a1a7209459,1,1,0,1,1
sage_original_BPP_1233_d746c9e2bd,1,1,0,1,1
sage_original_BPP_1234_696dc6ef7d,1,1,0,1,1
sage_original_BPP_1235_d8b714485c,1,1,0,1,1
sage_original_BPP_1236_d49ad3a680,1,1,0,1,1
sage_original_BPP_1237_fc2fd9f570,1,1,0,1,1
sage_original_BPP_1238_5fb1d5c8b8,1,1,0,1,1
sage_original_BPP_1239_07dc51c5a5,1,1,0,1,1
sage_original_BPP_1240_d83599bf85,1,1,0,1,1
sage_original_BPP_1241_80d6703508,1,1,0,1,1
sage_original_BPP_1242_b8acd3befa,1,1,0,1,1
sage_original_BPP_1243_c6ef72c46d,1,1,0,1,1
sage_original_BPP_1244_fbb7c02fb1,1,1,0,1,1
sage_original_BPP_1245_9c66aa44a4,1,1,0,1,1
sage_original_BPP_1246_605cfd4049,1,1,0,1,1
sage_original_BPP_1247_b35e155f99,1,1,0,1,1
sage_original_BPP_1248_e1718a1e2d,1,1,0,1,1
sage_original_BPP_1249_c4ea8bb231,1,1,0,1,1
sage_original_BPP_1250_e0980c5642,1,1,0,1,1
sage_original_BPP_1251_b154225e89,1,1,0,1,1
sage_original_BPP_1252_9d78ee9ba2,1,1,0,1,1
sage_original_BPP_1253_ac62d36138,1,1,0,1,1
sage_original_BPP_1254_6dc4fc966c,1,1,0,1,1
sage_original_BPP_1255_67a55bef70,1,1,0,1,1
sage_original_BPP_1256_ca21d5480f,1,1,0,1,1
sage_original_BPP_1257_830ed17b55,1,1,0,1,1
sage_original_BPP_1258_ae488b8f8d,1,1,0,1,1
sage_original_BPP_1259_05475b6e49,1,1,0,1,1
sage_original_BPP_1260_7fb0dc4c01,1,1,0,1,1
sage_original_BPP_1261_24a9f464f5,1,1,0,1,1
sage_original_BPP_1262_47b637c067,1,1,0,1,1
sage_original_BPP_1263_59e9ace876,1,1,0,1,1
sage_original_BPP_1264_0e137e125e,1,1,0,1,1
sage_original_BPP_1265_474f38fd04,1,1,0,1,1
sage_original_BPP_1266_b91a3a2c24,1,1,0,1,1
sage_original_BPP_1267_34b5c86644,1,1,0,1,1
sage_original_BPP_1268_6babdacf14,1,1,0,1,1
sage_original_BPP_1269_3a2bffb655,1,1,0,1,1
sage_original_BPP_1270_713a51c0ee,1,1,0,1,1
sage_original_BPP_1271_ce4aa4aa3b,1,1,0,1,1
sage_original_BPP_1272_980f53ede9,1,1,0,1,1
sage_original_BPP_1273_35cc672726,1,1,0,1,1
sage_original_BPP_1274_43f145025e,1,1,0,1,1
sage_original_BPP_1275_d868547854,1,1,0,1,1
sage_original_BPP_1276_a4ca081752,1,1,0,1,1
sage_original_BPP_1277_8f6886cb3f,1,1,0,1,1
sage_original_BPP_1278_88e83abd81,1,1,0,1,1
sage_original_BPP_1279_52d68db251,1,1,0,1,1
sage_original_BPP_1280_878eb2ad07,1,1,0,1,1
sage_original_BPP_1281_88bf9f353d,1,1,0,1,1
sage_original_BPP_1282_0a95f702a0,1,1,0,1,1
sage_original_BPP_1283_98224a9ed9,1,1,0,1,1
sage_original_BPP_1284_81a70cf900,1,1,0,1,1
sage_original_BPP_1285_a560362a39,1,1,0,1,1
sage_original_BPP_1286_d2d92ddf43,1,1,0,1,1
sage_original_BPP_1287_6250d03aa6,1,1,0,1,1
sage_original_BPP_1288_55dd4cbfce,1,1,0,1,1
sage_original_BPP_1289_12b7cb6761,1,1,0,1,1
sage_original_BPP_1290_0302f34767,1,1,0,1,1
sage_original_BPP_1291_61ed9eef4f,1,1,0,1,1
sage_original_BPP_1292_740d7facc0,1,1,0,1,1
sage_original_BPP_1293_cf4594930d,1,1,0,1,1
sage_original_BPP_1294_c238b4d12b,1,1,0,1,1
sage_original_BPP_1295_548f958114,1,1,0,1,1
sage_original_BPP_1296_304dd54605,1,1,0,1,1
sage_original_BPP_1297_7867c93afe,1,1,0,1,1
sage_original_BPP_1298_b4285f7b2b,1,1,0,1,1
sage_original_BPP_1299_d9735f6318,1,1,0,1,1
sage_original_BPP_1300_ea71f81a8b,1,1,0,1,1
sage_original_BPP_1301_1a1185ecb7,1,1,0,1,1
sage_original_BPP_1302_1cac5526f7,1,1,0,1,1
sage_original_BPP_1303_9d69785b32,1,1,0,1,1
sage_original_BPP_1304_734e07001a,1,1,0,1,1
sage_original_BPP_1305_58c0708da0,1,1,0,1,1
sage_original_BPP_1306_1431d0d4ed,1,1,0,1,1
sage_original_BPP_1307_1a5cecc03e,1,1,0,1,1
sage_original_BPP_1308_cdc119022b,1,1,0,1,1
sage_original_BPP_1309_08b742bb79,1,1,0,1,1
sage_original_BPP_1310_87c97da6e5,1,1,0,1,1
sage_original_BPP_1311_2527ed226b,1,1,0,1,1
sage_original_BPP_1312_92d26f0bbf,1,1,0,1,1
sage_original_BPP_1313_40948f6b1a,1,1,0,1,1
sage_original_BPP_1314_c9de55aadf,1,1,0,1,1
sage_original_BPP_1315_a6f9fd6a9f,1,1,0,1,1
sage_original_BPP_1316_f2c10e7e2b,1,1,0,1,1
sage_original_BPP_1317_48c7dd1a88,1,1,0,1,1
sage_original_BPP_1318_56d2f11ba4,1,1,0,1,1
sage_original_BPP_1319_e06a0c5800,1,1,0,1,1
sage_original_BPP_1320_30f82bd0ac,1,1,0,1,1
sage_original_BPP_1321_5775145fe7,1,1,0,1,1
sage_original_BPP_1322_9262789dd1,1,1,0,1,1
sage_original_BPP_1323_3c54652c87,1,1,0,1,1
sage_original_BPP_1324_5a6e947398,1,1,0,1,1
sage_original_BPP_1325_6e24abd6c5,1,1,0,1,1
sage_original_BPP_1326_0de09ec823,1,1,0,1,1
sage_original_BPP_1327_8c457f4ee6,1,1,0,1,1
sage_original_BPP_1328_51e27ec36a,1,1,0,1,1
sage_original_BPP_1329_a4687c1255,1,1,0,1,1
sage_original_BPP_1330_c1674ec671,1,1,0,1,1
sage_original_BPP_1331_a5551df51f,1,1,0,1,1
sage_original_BPP_1332_fd81663482,1,1,0,1,1
sage_original_BPP_1333_242efef07b,1,1,0,1,1
sage_original_BPP_1334_e8222e02a1,1,1,0,1,1
sage_original_BPP_1335_8d63523094,1,1,0,1,1
sage_original_BPP_1336_f1745b7dbb,1,1,0,1,1
sage_original_BPP_1337_4c49cdb287,1,1,0,1,1
sage_original_BPP_1338_2600e873d5,1,1,0,1,1
sage_original_BPP_1339_134f38a499,1,1,0,1,1
sage_original_BPP_1340_97a0013310,1,1,0,1,1
sage_original_BPP_1341_8ab1813cc1,1,1,0,1,1
sage_original_BPP_1342_80562c662d,1,1,0,1,1
sage_original_BPP_1343_58906250ec,1,1,0,1,1
sage_original_BPP_1344_73365da4bc,1,1,0,1,1
sage_original_BPP_1345_a4cac1eacc,1,1,0,1,1
sage_original_BPP_1346_e29e83b2c0,1,1,0,1,1
sage_original_BPP_1347_51baecc19a,1,1,0,1,1
sage_original_BPP_1348_c79a7bc842,1,1,0,1,1
sage_original_BPP_1349_88375faed4,1,1,0,1,1
sage_original_BPP_1350_f164cc46dc,1,1,0,1,1
sage_original_BPP_1351_6060cbba77,1,1,0,1,1
sage_original_BPP_1352_d399308af4,1,1,0,1,1
sage_original_BPP_1353_5f5ac34f98,1,1,0,1,1
sage_original_BPP_1354_eefd0161cb,1,1,0,1,1
sage_original_BPP_1355_8fc778a160,1,1,0,1,1
sage_original_BPP_1356_8d5d62f7e9,1,1,0,1,1
sage_original_BPP_1357_cad99ae489,1,1,0,1,1
sage_original_BPP_1358_5f3339249d,1,1,0,1,1
sage_original_BPP_1359_64903e68d7,1,1,0,1,1
sage_original_BPP_1360_489b3a65c8,1,1,0,1,1
sage_original_BPP_1361_4f06469884,1,1,0,1,1
sage_original_BPP_1362_8b01d6e038,1,1,0,1,1
sage_original_BPP_1363_45eb19cd5a,1,1,0,1,1
sage_original_BPP_1364_9542cbaeb3,1,1,0,1,1
sage_original_BPP_1365_7dc83126d0,1,1,0,1,1
sage_original_BPP_1366_ed05f174c4,1,1,0,1,1
sage_original_BPP_1367_c807a5f7ad,1,1,0,1,1
sage_original_BPP_1368_8f42f393d2,1,1,0,1,1
sage_original_BPP_1369_a603eea529,1,1,0,1,1
sage_original_BPP_1370_73d7a3d810,1,1,0,1,1
sage_original_BPP_1371_4171519910,1,1,0,1,1
sage_original_BPP_1372_666785048e,1,1,0,1,1
sage_original_BPP_1373_02e9be4813,1,1,0,1,1
sage_original_BPP_1374_fd06c5230e,1,1,0,1,1
sage_original_BPP_1375_102e02cae6,1,1,0,1,1
sage_original_BPP_1376_db4b5741b2,1,1,0,1,1
sage_original_BPP_1377_b756f037c3,1,1,0,1,1
sage_original_BPP_1378_a883b857a0,1,1,0,1,1
sage_original_BPP_1379_b8693274d8,1,1,0,1,1
sage_original_BPP_1380_9c0022c92f,1,1,0,1,1
sage_original_BPP_1381_f29eda3a9d,1,1,0,1,1
sage_original_BPP_1382_0517a5af24,1,1,0,1,1
sage_original_BPP_1383_f0ab899f05,1,1,0,1,1
sage_original_BPP_1384_69f323e6e4,1,1,0,1,1
sage_original_BPP_1385_d8592bd62b,1,1,0,1,1
sage_original_BPP_1386_34d9141397,1,1,0,1,1
sage_original_BPP_1387_fae17fe017,1,1,0,1,1
sage_original_BPP_1388_50054bedd8,1,1,0,1,1
sage_original_BPP_1389_e6a0966f77,1,1,0,1,1
sage_original_BPP_1390_a1d1324284,1,1,0,1,1
sage_original_BPP_1391_f5673aa1e6,1,1,0,1,1
sage_original_BPP_1392_8990a1d4ba,1,1,0,1,1
sage_original_BPP_1393_b15fe8d9e4,1,1,0,1,1
sage_original_BPP_1394_4c56a5cc00,1,1,0,1,1
sage_original_BPP_1395_0f2425157e,1,1,0,1,1
sage_original_BPP_1396_dd3f16bd80,1,1,0,1,1
sage_original_BPP_1397_5c6efb2f41,1,1,0,1,1
sage_original_BPP_1398_2617d1e952,1,1,0,1,1
sage_original_BPP_1399_4dc3b4bd9b,1,1,0,1,1
sage_original_BPP_1400_75262f33c1,1,1,0,1,1
sage_original_BPP_1401_6aad70292c,1,1,0,1,1
sage_original_BPP_1402_b5abe732ff,1,1,0,1,1
sage_original_BPP_1403_70e95a712f,1,1,0,1,1
sage_original_BPP_1404_e81ea824cc,1,1,0,1,1
sage_original_BPP_1405_3e4aeac775,1,1,0,1,1
sage_original_BPP_1406_cd277d0a3e,1,1,0,1,1
sage_original_BPP_1407_88d0ce0f7a,1,1,0,1,1
sage_original_BPP_1408_a021881ca9,1,1,0,1,1
sage_original_BPP_1409_8dab9e975e,1,1,0,1,1
sage_original_BPP_1410_b3c68b32f3,1,1,0,1,1
sage_original_BPP_1411_9437a3feba,1,1,0,1,1
sage_original_BPP_1412_03e5cf25a1,1,1,0,1,1
sage_original_BPP_1413_52881380dc,1,1,0,1,1
sage_original_BPP_1414_7b8b0602f3,1,1,0,1,1
sage_original_BPP_1415_54f5521317,1,1,0,1,1
sage_original_BPP_1416_fe8263832e,1,1,0,1,1
sage_original_BPP_1417_c9b9a23568,1,1,0,1,1
sage_original_BPP_1418_f698ee59da,1,1,0,1,1
sage_original_BPP_1419_ff77ea24c8,1,1,0,1,1
sage_original_BPP_1420_bc8a69beef,1,1,0,1,1
sage_original_BPP_1421_4551dd2e2f,1,1,0,1,1
sage_original_BPP_1422_3898991d96,1,1,0,1,1
sage_original_BPP_1423_9d84c1d7b5,1,1,0,1,1
sage_original_BPP_1424_05eaaeb9b4,1,1,0,1,1
sage_original_BPP_1425_adba35ebdf,1,1,0,1,1
sage_original_BPP_1426_8df721bbe5,1,1,0,1,1
sage_original_BPP_1427_99c0421c31,1,1,0,1,1
sage_original_BPP_1428_3c8d0c072b,1,1,0,1,1
sage_original_BPP_1429_7f2a318eb0,1,1,0,1,1
sage_original_BPP_1430_3773e7f705,1,1,0,1,1
sage_original_BPP_1431_c294c5d47b,1,1,1,1,1
sage_original_BPP_1432_321d47bf5d,1,1,0,1,1
sage_original_BPP_1433_216ab45c5c,1,1,0,1,1
sage_original_BPP_1434_7a1ec1a2c4,1,1,0,1,1
sage_original_BPP_1435_80f4a60571,1,1,0,1,1
sage_original_BPP_1436_dd284b03a4,1,1,0,1,1
sage_original_BPP_1437_61bc82e5ed,1,1,0,1,1
sage_original_BPP_1438_c342ca89e9,1,1,0,1,1
sage_original_BPP_1439_44a2a040f0,1,1,0,1,1
sage_original_BPP_1440_f44b3b714b,1,1,0,1,1
sage_original_BPP_1441_c745142b6e,1,1,0,1,1
sage_original_BPP_1442_a1548fc59f,1,1,0,1,1
sage_original_BPP_1443_7cc11a18b6,1,1,0,1,1
sage_original_BPP_1444_a0f3ac7c3e,1,1,0,1,1
sage_original_BPP_1445_a32304e781,1,1,0,1,1
sage_original_BPP_1446_4a8aa4d965,1,1,0,1,1
sage_original_BPP_1447_c3fe4fd2a8,1,1,0,1,1
sage_original_BPP_1448_e09300959f,1,1,0,1,1
sage_original_BPP_1449_484cca4411,1,1,0,1,1
sage_original_BPP_1450_48d4e7824a,1,1,0,1,1
sage_original_BPP_1451_6333c21f38,1,1,0,1,1
sage_original_BPP_1452_34beb192d9,1,1,0,1,1
sage_original_BPP_1453_608026ab33,1,1,0,1,1
sage_original_BPP_1454_d8a0fd36bf,1,1,0,1,1
sage_original_BPP_1455_13861c6956,1,1,0,1,1
sage_original_BPP_1456_2f50f34737,1,1,0,1,1
sage_original_BPP_1457_fc4d0711b3,1,1,0,1,1
sage_original_BPP_1458_5b75853a03,1,1,0,1,1
sage_original_BPP_1459_0ede123c70,1,1,0,1,1
sage_original_BPP_1460_46a4330153,1,1,0,1,1
sage_original_BPP_1461_8ea251803a,1,1,0,1,1
sage_original_BPP_1462_f6662901d6,1,1,0,1,1
sage_original_BPP_1463_43df2971a6,1,1,0,1,1
sage_original_BPP_1464_5ffc31221b,1,1,0,1,1
sage_original_BPP_1465_0d8dcea66d,1,1,0,1,1
sage_original_BPP_1466_73a67472d4,1,1,0,1,1
sage_original_BPP_1467_26170a544f,1,1,0,1,1
sage_original_BPP_1468_bb1c9a3e4e,1,1,1,1,1
sage_original_BPP_1469_bb8ce86d34,1,1,0,1,1
sage_original_BPP_1470_34ac00b6ed,1,1,0,1,1
sage_original_BPP_1471_411a32feb4,1,1,0,1,1
sage_original_BPP_1472_8c00b77b04,1,1,0,1,1
sage_original_BPP_1473_0bd99128de,1,1,0,1,1
sage_original_BPP_1474_d4080b92f6,1,1,0,1,1
sage_original_BPP_1475_ba34683aae,1,1,0,1,1
sage_original_BPP_1476_e4c48fb235,1,1,0,1,1
sage_original_BPP_1477_de8463b219,1,1,0,1,1
sage_original_BPP_1478_75fb3fd0ea,1,1,0,1,1
sage_original_BPP_1479_f8619f1e7e,1,1,0,1,1
sage_original_BPP_1480_e9fdbebc34,1,1,0,1,1
sage_original_BPP_1481_c4bf31d9c0,1,1,0,1,1
sage_original_BPP_1482_6210a0abaf,1,1,0,1,1
sage_original_BPP_1483_3620069867,1,1,0,1,1
sage_original_BPP_1484_296ad963f0,1,1,0,1,1
sage_original_BPP_1485_ee040a3df1,1,1,1,1,1
sage_original_BPP_1486_9097d06c7c,1,1,0,1,1
sage_original_BPP_1487_411bb4ebde,1,1,0,1,1
sage_original_BPP_1488_457eb11157,1,1,0,1,1
sage_original_BPP_1489_2f6f912d16,1,1,0,1,1
sage_original_BPP_1490_42d0b23781,1,1,0,1,1
sage_original_BPP_1491_9c5958057c,1,1,0,1,1
sage_original_BPP_1492_7c930a1eb9,1,1,0,1,1
sage_original_BPP_1493_36f17a6a76,1,1,0,1,1
sage_original_BPP_1494_610dbee42c,1,1,0,1,1
sage_original_BPP_1495_af70608291,1,1,0,1,1
sage_original_BPP_1496_f900642c3e,1,1,0,1,1
sage_original_BPP_1497_ef76d62b96,1,1,0,1,1
sage_original_BPP_1498_82b8f08606,1,1,0,1,1
sage_original_BPP_1499_35ab23ffb3,1,1,0,1,1
sage_original_BPP_1500_9634a2828d,1,1,0,1,1
sage_original_BPP_1501_dd7c03a682,1,1,0,1,1
sage_original_BPP_1502_35a08b6701,1,1,0,1,1
sage_original_BPP_1503_68918f28b7,1,1,0,1,1
sage_original_BPP_1504_32469bcd1f,1,1,0,1,1
sage_original_BPP_1505_52f0999dcc,1,1,0,1,1
sage_original_BPP_1506_7d9e8d7acf,1,1,0,1,1
sage_original_BPP_1507_3516d8d8e2,1,1,0,1,1
sage_original_BPP_1508_71b1b94219,1,1,0,1,1
sage_original_BPP_1509_6d29591de5,1,1,0,1,1
sage_original_BPP_1510_9ac5b2d029,1,1,0,1,1
sage_original_BPP_1511_a611bb79d4,1,1,0,1,1
sage_original_BPP_1512_8331280ccf,1,1,0,1,1
sage_original_BPP_1513_202c028331,1,1,0,1,1
sage_original_BPP_1514_3426e398f3,1,1,0,1,1
sage_original_BPP_1515_8883de50e0,1,1,0,1,1
sage_original_BPP_1516_40dfd0deb0,1,1,0,1,1
sage_original_BPP_1517_f7c4fb073a,1,1,0,1,1
sage_original_BPP_1518_03f4931aa3,1,1,0,1,1
sage_original_BPP_1519_1313a17115,1,1,0,1,1
sage_original_BPP_1520_af83c06403,1,1,0,1,1
sage_original_BPP_1521_f58c221b94,1,1,0,1,1
sage_original_BPP_1522_33a2d0ca16,1,1,0,1,1
sage_original_BPP_1523_728974e3d9,1,1,0,1,1
sage_original_BPP_1524_b52ef6ce0f,1,1,0,1,1
sage_original_BPP_1525_04350fce1e,1,1,0,1,1
sage_original_BPP_1526_20f1a089bd,1,1,0,1,1
sage_original_BPP_1527_465f4043d0,1,1,0,1,1
sage_original_BPP_1528_3e4554f545,1,1,0,1,1
sage_original_BPP_1529_ad4b45b846,1,1,0,1,1
sage_original_BPP_1530_691a874ecb,1,1,0,1,1
sage_original_BPP_1531_b2a1f6e8e9,1,1,0,1,1
sage_original_BPP_1532_2dfea64466,1,1,0,1,1
sage_original_BPP_1533_b6213b4f6b,1,1,0,1,1
sage_original_BPP_1534_e0d0d25ee7,1,1,0,1,1
sage_original_BPP_1535_46eaebd86b,1,1,0,1,1
sage_original_BPP_1536_8be1941126,1,1,0,1,1
sage_original_BPP_1537_a7f9a202f9,1,1,0,1,1
sage_original_BPP_1538_0ece106687,1,1,0,1,1
sage_original_BPP_1539_4ef6c40ae5,1,1,0,1,1
sage_original_BPP_1540_3412aec11d,1,1,0,1,1
sage_original_BPP_1541_5822f0a34c,1,1,0,1,1
sage_original_BPP_1542_ca7f49e1d4,1,1,0,1,1
sage_original_BPP_1543_6be4e63516,1,1,0,1,1
sage_original_BPP_1544_df319caf36,1,1,0,1,1
sage_original_BPP_1545_6bac007eec,1,1,0,1,1
sage_original_BPP_1546_cc5347eb33,1,1,0,1,1
sage_original_BPP_1547_a737d29257,1,1,0,1,1
sage_original_BPP_1548_e41b94ef80,1,1,0,1,1
sage_original_BPP_1549_36d133b61d,1,1,0,1,1
sage_original_BPP_1550_a070952114,1,1,0,1,1
sage_original_BPP_1551_0f90aee9a6,1,1,0,1,1
sage_original_BPP_1552_c5b53c044d,1,1,0,1,1
sage_original_BPP_1553_8710ebb481,1,1,0,1,1
sage_original_BPP_1554_833b29c5bf,1,1,0,1,1
sage_original_BPP_1555_80a1f5373a,1,1,0,1,1
sage_original_BPP_1556_80edad7400,1,1,0,1,1
sage_original_BPP_1557_0472eeb3bb,1,1,0,1,1
sage_original_BPP_1558_8992058461,1,1,0,1,1
sage_original_BPP_1559_7cee4a59b4,1,1,0,1,1
sage_original_BPP_1560_31f014ccc7,1,1,0,1,1
sage_original_BPP_1561_2abda89269,1,1,0,1,1
sage_original_BPP_1562_e473098c4b,1,1,0,1,1
sage_original_BPP_1563_0acd699739,1,1,0,1,1
sage_original_BPP_1564_eee1180506,1,1,0,1,1
sage_original_BPP_1565_f9451df44e,1,1,0,1,1
sage_original_BPP_1566_69cc20b1db,1,1,0,1,1
sage_original_BPP_1567_dad0c74765,1,1,0,1,1
sage_original_BPP_1568_eb101e2802,1,1,0,1,1
sage_original_BPP_1569_6e62e70853,1,1,0,1,1
sage_original_BPP_1570_fdd2603fb5,1,1,0,1,1
sage_original_BPP_1571_1853e90e9b,1,1,0,1,1
sage_original_BPP_1572_113c9fcea8,1,1,0,1,1
sage_original_BPP_1573_a3cdea4c32,1,1,0,1,1
sage_original_BPP_1574_bab5d0ed71,1,1,0,1,1
sage_original_BPP_1575_70d65f5551,1,1,0,1,1
sage_original_BPP_1576_70e2133658,1,1,0,1,1
sage_original_BPP_1577_c02168eb3b,1,1,0,1,1
sage_original_BPP_1578_62cfd06702,1,1,0,1,1
sage_original_BPP_1579_455acb4806,1,1,0,1,1
sage_original_BPP_1580_121f8bcfbc,1,1,0,1,1
sage_original_BPP_1581_198e004d18,1,1,0,1,1
sage_original_BPP_1582_e5345f911b,1,1,0,1,1
sage_original_BPP_1583_05885b4c9b,1,1,0,1,1
sage_original_BPP_1584_ef3f374da3,1,1,0,1,1
sage_original_BPP_1585_0ad58b55ce,1,1,0,1,1
sage_original_BPP_1586_0feb17a1c8,1,1,0,1,1
sage_original_BPP_1587_4dc5494eac,1,1,0,1,1
sage_original_BPP_1588_92f4969c64,1,1,0,1,1
sage_original_BPP_1589_1d25d7b74e,1,1,0,1,1
sage_original_BPP_1590_5f8f433846,1,1,0,1,1
sage_original_BPP_1591_892d1f860c,1,1,0,1,1
sage_original_BPP_1592_6193ddf612,1,1,0,1,1
sage_original_BPP_1593_90645ea35e,1,1,0,1,1
sage_original_BPP_1594_ab0f06daac,1,1,0,1,1
sage_original_BPP_1595_0a7cdb8452,1,1,0,1,1
sage_original_BPP_1596_a10aff21c5,1,1,0,1,1
sage_original_BPP_1597_c48292300f,1,1,0,1,1
sage_original_BPP_1598_7431626a0f,1,1,0,1,1
sage_original_BPP_1599_ab4a11d0c5,1,1,0,1,1
sage_original_BPP_1600_5352458be8,1,1,0,1,1
sage_original_BPP_1601_490f241402,1,1,0,1,1
sage_original_BPP_1602_10d84f44b4,1,1,0,1,1
sage_original_BPP_1603_10da3b345a,1,1,0,1,1
sage_original_BPP_1604_5fdb8304a4,1,1,0,1,1
sage_original_BPP_1605_28aeabe7c8,1,1,0,1,1
sage_original_BPP_1606_1ffa107674,1,1,0,1,1
sage_original_BPP_1607_8511ab3fdd,1,1,0,1,1
sage_original_BPP_1608_ada1d930f7,1,1,0,1,1
sage_original_BPP_1609_f5cf2bde66,1,1,0,1,1
sage_original_BPP_1610_6e730423dd,1,1,0,1,1
sage_original_BPP_1611_e9991d74fe,1,1,0,1,1
sage_original_BPP_1612_e4516f5a92,1,1,0,1,1
sage_original_BPP_1613_7d2a4897a2,1,1,0,1,1
sage_original_BPP_1614_18fc8634d5,1,1,0,1,1
sage_original_BPP_1615_4e86d73607,1,1,0,1,1
sage_original_BPP_1616_cd072dffb5,1,1,0,1,1
sage_original_BPP_1617_d1cff609c0,1,1,0,1,1
sage_original_BPP_1618_6729aca584,1,1,0,1,1
sage_original_BPP_1619_987f93051f,1,1,0,1,1
sage_original_BPP_1620_f46a50ff25,1,1,0,1,1
sage_original_BPP_1621_e20e3be063,1,1,0,1,1
sage_original_BPP_1622_eba84729f0,1,1,0,1,1
sage_original_BPP_1623_b115b1c3ec,1,1,0,1,1
sage_original_BPP_1624_610ef16eb1,1,1,0,1,1
sage_original_BPP_1625_af4a087d3a,1,1,0,1,1
sage_original_BPP_1626_baf4062c6f,1,1,0,1,1
sage_original_BPP_1627_e88c070f49,1,1,0,1,1
sage_original_BPP_1628_54919eb45f,1,1,0,1,1
sage_original_BPP_1629_05e8527810,1,1,0,1,1
sage_original_BPP_1630_9c8540cd55,1,1,0,1,1
sage_original_BPP_1631_4e49c3c43b,1,1,0,1,1
sage_original_BPP_1632_1bd47b0fc0,1,1,0,1,1
sage_original_BPP_1633_febdef4948,1,1,0,1,1
sage_original_BPP_1634_e0570a58c1,1,1,0,1,1
sage_original_BPP_1635_f451e7f47a,1,1,0,1,1
sage_original_BPP_1636_e59a76e3e8,1,1,0,1,1
sage_original_BPP_1637_f4052ffb12,1,1,0,1,1
sage_original_BPP_1638_5150b0dc19,1,1,0,1,1
sage_original_BPP_1639_549d25a110,1,1,0,1,1
sage_original_BPP_1640_c6ed3c9b54,1,1,0,1,1
sage_original_BPP_1641_fbc500cb08,1,1,0,1,1
sage_original_BPP_1642_15f103a72a,1,1,0,1,1
sage_original_BPP_1643_1d45487639,1,1,0,1,1
sage_original_BPP_1644_b5b7e900e9,1,1,0,1,1
sage_original_BPP_1645_899ec15f4b,1,1,0,1,1
sage_original_BPP_1646_c1f580227c,1,1,0,1,1
sage_original_BPP_1647_1dcdadcdef,1,1,0,1,1
sage_original_BPP_1648_db28ff9746,1,1,0,1,1
sage_original_BPP_1649_7a5491f43e,1,1,0,1,1
sage_original_BPP_1650_9dbbaaad0b,1,1,0,1,1
sage_original_BPP_1651_bfa9a3ec3d,1,1,0,1,1
sage_original_BPP_1652_b6287ba0cc,1,1,0,1,1
sage_original_BPP_1653_fb028a3e40,1,1,0,1,1
sage_original_BPP_1654_a3a1deae07,1,1,0,1,1
sage_original_BPP_1655_e82e33fa34,1,1,0,1,1
sage_original_BPP_1656_99d6a5ed54,1,1,0,1,1
sage_original_BPP_1657_d8ec76554a,1,1,0,1,1
sage_original_BPP_1658_01eec064bf,1,1,0,1,1
sage_original_BPP_1659_2f168c2833,1,1,0,1,1
sage_original_BPP_1660_49603efbf5,1,1,0,1,1
sage_original_BPP_1661_c9922b9aa9,1,1,0,1,1
sage_original_BPP_1662_489f875a9b,1,1,0,1,1
sage_original_BPP_1663_295822ce3a,1,1,0,1,1
sage_original_BPP_1664_d607f9f1a2,1,1,0,1,1
sage_original_BPP_1665_92d0ee8bc8,1,1,0,1,1
sage_original_BPP_1666_c88c2a6627,1,1,0,1,1
sage_original_BPP_1667_1971cb291f,1,1,0,1,1
sage_original_BPP_1668_e7d9de6c9d,1,1,0,1,1
sage_original_BPP_1669_7e5e7ac619,1,1,0,1,1
sage_original_BPP_1670_7e4db2b296,1,1,0,1,1
sage_original_BPP_1671_2311589643,1,1,0,1,1
sage_original_BPP_1672_597eb62fe8,1,1,0,1,1
sage_original_BPP_1673_d830356ee9,1,1,0,1,1
sage_original_BPP_1674_e163e186b3,1,1,0,1,1
sage_original_BPP_1675_179ffbf158,1,1,0,1,1
sage_original_BPP_1676_1baaa191ff,1,1,0,1,1
sage_original_BPP_1677_7afd657439,1,1,0,1,1
sage_original_BPP_1678_8a7cce84b5,1,1,0,1,1
sage_original_BPP_1679_9ccdace720,1,1,0,1,1
sage_original_BPP_1680_69d9854e27,1,1,0,1,1
sage_original_BPP_1681_1991f1b559,1,1,0,1,1
sage_original_BPP_1682_a1cd7ea8ad,1,1,0,1,1
sage_original_BPP_1683_80b41a1fe9,1,1,0,1,1
sage_original_BPP_1684_74809e6af1,1,1,0,1,1
sage_original_BPP_1685_bbad366dc6,1,1,0,1,1
sage_original_BPP_1686_e2b66f33ed,1,1,0,1,1
sage_original_BPP_1687_79509047d7,1,1,0,1,1
sage_original_BPP_1688_f4fb73b6bb,1,1,0,1,1
sage_original_BPP_1689_740488cd7e,1,1,0,1,1
sage_original_BPP_1690_5b558a6f0a,1,1,0,1,1
sage_original_BPP_1691_d957ea21b9,1,1,0,1,1
sage_original_BPP_1692_6feb3abcad,1,1,0,1,1
sage_original_BPP_1693_b3ebce7879,1,1,0,1,1
sage_original_BPP_1694_d5218812a6,1,1,0,1,1
sage_original_BPP_1695_ff081e575a,1,1,0,1,1
sage_original_BPP_1696_ac4f4877eb,1,1,0,1,1
sage_original_BPP_1697_67bb1359ab,1,1,0,1,1
sage_original_BPP_1698_1655aededd,1,1,0,1,1
sage_original_BPP_1699_f11a5ad211,1,1,0,1,1
sage_original_BPP_1700_93abb6071a,1,1,0,1,1
sage_original_BPP_1701_ef1866451c,1,1,0,1,1
sage_original_BPP_1702_6e016df8bc,1,1,0,1,1
sage_original_BPP_1703_eb864f26a5,1,1,0,1,1
sage_original_BPP_1704_f1319ef473,1,1,0,1,1
sage_original_BPP_1705_38de6cd478,1,1,0,1,1
sage_original_BPP_1706_a4e9070d63,1,1,0,1,1
sage_original_BPP_1707_15a6989919,1,1,0,1,1
sage_original_BPP_1708_4b0d2948de,1,1,0,1,1
sage_original_BPP_1709_14f2a26afb,1,1,0,1,1
sage_original_BPP_1710_c2646341b1,1,1,0,1,1
sage_original_BPP_1711_4c74f9733a,1,1,0,1,1
sage_original_BPP_1712_48873f2774,1,1,0,1,1
sage_original_BPP_1713_60ab8a6cd7,1,1,0,1,1
sage_original_BPP_1714_85f8dd2894,1,1,0,1,1
sage_original_BPP_1715_f5de22d293,1,1,0,1,1
sage_original_BPP_1716_729321ec2e,1,1,0,1,1
sage_original_BPP_1717_c48ffe5883,1,1,0,1,1
sage_original_BPP_1718_44a38f7d7b,1,1,0,1,1
sage_original_BPP_1719_28c396a99d,1,1,0,1,1
sage_original_BPP_1720_4818700651,1,1,0,1,1
sage_original_BPP_1721_90dc1c7d3c,1,1,0,1,1
sage_original_BPP_1722_48a03e6e04,1,1,0,1,1
sage_original_BPP_1723_b8abac3380,1,1,0,1,1
sage_original_BPP_1724_408d47337e,1,1,0,1,1
sage_original_BPP_1725_95342b19cc,1,1,0,1,1
sage_original_BPP_1726_2007bc3e28,1,1,0,1,1
sage_original_BPP_1727_0c1900ab15,1,1,0,1,1
sage_original_BPP_1728_05fa93d873,1,1,0,1,1
sage_original_BPP_1729_915042e5b5,1,1,0,1,1
sage_original_BPP_1730_c8655dce55,1,1,0,1,1
sage_original_BPP_1731_236f3f6c2e,1,1,0,1,1
sage_original_BPP_1732_2d49190282,1,1,0,1,1
sage_original_BPP_1733_75d0765b88,1,1,0,1,1
sage_original_BPP_1734_68797734cc,1,1,0,1,1
sage_original_BPP_1735_8099b1dbe9,1,1,0,1,1
sage_original_BPP_1736_87b7e32828,1,1,0,1,1
sage_original_BPP_1737_c56d1b66b3,1,1,0,1,1
sage_original_BPP_1738_f268976f5a,1,1,0,1,1
sage_original_BPP_1739_bde995f458,1,1,0,1,1
sage_original_BPP_1740_887d68a5bb,1,1,0,1,1
sage_original_BPP_1741_8a2c2596c4,1,1,0,1,1
sage_original_BPP_1742_1e7c79822d,1,1,0,1,1
sage_original_BPP_1743_4d9377e931,1,1,0,1,1
sage_original_BPP_1744_c057e0f2e2,1,1,0,1,1
sage_original_BPP_1745_18ca844b4c,1,1,0,1,1
sage_original_BPP_1746_9adf8e53b7,1,1,0,1,1
sage_original_BPP_1747_42c7264a10,1,1,0,1,1
sage_original_BPP_1748_fe4174e8be,1,1,0,1,1
sage_original_BPP_1749_ccceb8431b,1,1,0,1,1
sage_original_BPP_1750_604a2d777f,1,1,0,1,1
sage_original_BPP_1751_e1e0bf840b,1,1,0,1,1
sage_original_BPP_1752_957dac2784,1,1,0,1,1
sage_original_BPP_1753_1a611e667d,1,1,0,1,1
sage_original_BPP_1754_5593c895e1,1,1,0,1,1
sage_original_BPP_1755_610f3ac3e9,1,1,0,1,1
sage_original_BPP_1756_10c13537ee,1,1,0,1,1
sage_original_BPP_1757_45180bd090,1,1,0,1,1
sage_original_BPP_1758_c7cb12c91d,1,1,0,1,1
sage_original_BPP_1759_e9867b975c,1,1,0,1,1
sage_original_BPP_1760_077bd434ca,1,1,0,1,1
sage_original_BPP_1761_5dc75c9df7,1,1,0,1,1
sage_original_BPP_1762_f662f064b8,1,1,0,1,1
sage_original_BPP_1763_ed443d53ff,1,1,0,1,1
sage_original_BPP_1764_b46521a659,1,1,0,1,1
sage_original_BPP_1765_021cd72f32,1,1,0,1,1
sage_original_BPP_1766_a6164e3734,1,1,0,1,1
sage_original_BPP_1767_0c5b7158f9,1,1,0,1,1
sage_original_BPP_1768_9ce1df563a,1,1,0,1,1
sage_original_BPP_1769_4340af6ede,1,1,0,1,1
sage_original_BPP_1770_d6d818c76a,1,1,0,1,1
sage_original_BPP_1771_9acd40b9e2,1,1,0,1,1
sage_original_BPP_1772_717c648e4c,1,1,0,1,1
sage_original_BPP_1773_83bf9cdfc1,1,1,0,1,1
sage_original_BPP_1774_0222ebb08b,1,1,0,1,1
sage_original_BPP_1775_9d86a16f5c,1,1,0,1,1
sage_original_BPP_1776_a0a80e3c2b,1,1,0,1,1
sage_original_BPP_1777_d5dc5a2dd2,1,1,0,1,1
sage_original_BPP_1778_3180d1a088,1,1,0,1,1
sage_original_BPP_1779_16c42e16e8,1,1,0,1,1
sage_original_BPP_1780_9c28e5ccca,1,1,0,1,1
sage_original_BPP_1781_aa446b11ce,1,1,0,1,1
sage_original_BPP_1782_7d7727fa2d,1,1,0,1,1
sage_original_BPP_1783_f7a1b32db0,1,1,0,1,1
sage_original_BPP_1784_e207ff5586,1,1,0,1,1
sage_original_BPP_1785_4dfe6ab9fa,1,1,0,1,1
sage_original_BPP_1786_ed72825cf0,1,1,0,1,1
sage_original_BPP_1787_ddde43996f,1,1,0,1,1
sage_original_BPP_1788_8b9b5cce83,1,1,0,1,1
sage_original_BPP_1789_3c3a6dc2da,1,1,0,1,1
sage_original_BPP_1790_86bfda976d,1,1,0,1,1
sage_original_BPP_1791_1c74340c57,1,1,0,1,1
sage_original_BPP_1792_d7ece383ef,1,1,0,1,1
sage_original_BPP_1793_8f8f7ff866,1,1,0,1,1
sage_original_BPP_1794_a79dd5366f,1,1,0,1,1
sage_original_BPP_1795_6e52be8cdb,1,1,0,1,1
sage_original_BPP_1796_985679f4d0,1,1,0,1,1
sage_original_BPP_1797_22ad54ebcf,1,1,0,1,1
sage_original_BPP_1798_a8e1b6f636,1,1,0,1,1
sage_original_BPP_1799_9fc73eed44,1,1,0,1,1
sage_original_BPP_1800_d1fe36fa87,1,1,0,1,1
sage_original_BPP_1801_566032ea7c,1,1,0,1,1
sage_original_BPP_1802_e8ce4b98ee,1,1,0,1,1
sage_original_BPP_1803_5d3b729dcf,1,1,0,1,1
sage_original_BPP_1804_b63a189232,1,1,0,1,1
sage_original_BPP_1805_e0a65d7ce7,1,1,0,1,1
sage_original_BPP_1806_f7e8c89651,1,1,0,1,1
sage_original_BPP_1807_79cb304fea,1,1,0,1,1
sage_original_BPP_1808_51b4d4635e,1,1,0,1,1
sage_original_BPP_1809_d3ba63152d,1,1,0,1,1
sage_original_BPP_1810_064efe65df,1,1,0,1,1
sage_original_BPP_1811_b9827e62cc,1,1,0,1,1
sage_original_BPP_1812_8fb6d62c80,1,1,0,1,1
sage_original_BPP_1813_b6e8b437c7,1,1,0,1,1
sage_original_BPP_1814_ef741546b6,1,1,0,1,1
sage_original_BPP_1815_8954c855dc,1,1,0,1,1
sage_original_BPP_1816_9d09a3f190,1,1,0,1,1
sage_original_BPP_1817_5e70daca95,1,1,0,1,1
sage_original_BPP_1818_2d67c8a015,1,1,0,1,1
sage_original_BPP_1819_ebbdaa816b,1,1,0,1,1
sage_original_BPP_1820_43deeea2d4,1,1,0,1,1
sage_original_BPP_1821_3d0fae762d,1,1,0,1,1
sage_original_BPP_1822_db102bae26,1,1,0,1,1
sage_original_BPP_1823_f1d374cf16,1,1,0,1,1
sage_original_BPP_1824_501ae327bc,1,1,0,1,1
sage_original_BPP_1825_51a7651701,1,1,0,1,1
sage_original_BPP_1826_77c7807e60,1,1,0,1,1
sage_original_BPP_1827_83e7c69f67,1,1,0,1,1
sage_original_BPP_1828_cf4c88d1c6,1,1,0,1,1
sage_original_BPP_1829_a7b11fd84b,1,1,0,1,1
sage_original_BPP_1830_3655984562,1,1,0,1,1
sage_original_BPP_1831_a2ad87ca92,1,1,0,1,1
sage_original_BPP_1832_ce1f9c8024,1,1,0,1,1
sage_original_BPP_1833_c05bc26640,1,1,0,1,1
sage_original_BPP_1834_40629d72c1,1,1,0,1,1
sage_original_BPP_1835_9d7c2c8e0d,1,1,0,1,1
sage_original_BPP_1836_640db5ad33,1,1,0,1,1
sage_original_BPP_1837_007b2e9a7e,1,1,0,1,1
sage_original_BPP_1838_9be5c3ca38,1,1,0,1,1
sage_original_BPP_1839_869bbbfa0f,1,1,0,1,1
sage_original_BPP_1840_cb9b58fc2c,1,1,0,1,1
sage_original_BPP_1841_76d8dfddff,1,1,0,1,1
sage_original_BPP_1842_6930669983,1,1,0,1,1
sage_original_BPP_1843_578c4a7aec,1,1,0,1,1
sage_original_BPP_1844_777164e946,1,1,0,1,1
sage_original_BPP_1845_7ee4f78aa9,1,1,0,1,1
sage_original_BPP_1846_b76173faf4,1,1,0,1,1
sage_original_BPP_1847_592d3b7309,1,1,0,1,1
sage_original_BPP_1848_f4efb45dfd,1,1,0,1,1
sage_original_BPP_1849_4a32cc9fbb,1,1,0,1,1
sage_original_BPP_1850_c11f02c24a,1,1,0,1,1
sage_original_BPP_1851_4524a1b34f,1,1,0,1,1
sage_original_BPP_1852_430aa5cb41,1,1,0,1,1
sage_original_BPP_1853_bdb6a239d2,1,1,0,1,1
sage_original_BPP_1854_287fb8592a,1,1,0,1,1
sage_original_BPP_1855_c6b71d9cc8,1,1,0,1,1
sage_original_BPP_1856_dbea9d6afd,1,1,0,1,1
sage_original_BPP_1857_941d5e4886,1,1,0,1,1
sage_original_BPP_1858_ad1cb896d7,1,1,0,1,1
sage_original_BPP_1859_082a6e2f12,1,1,0,1,1
sage_original_BPP_1860_94feffbc62,1,1,0,1,1
sage_original_BPP_1861_3083d5f969,1,1,0,1,1
sage_original_BPP_1862_caa4f4540f,1,1,0,1,1
sage_original_BPP_1863_179009817d,1,1,0,1,1
sage_original_BPP_1864_42157d15d3,1,1,0,1,1
sage_original_BPP_1865_dce764f898,1,1,0,1,1
sage_original_BPP_1866_b83f62b96b,1,1,0,1,1
sage_original_BPP_1867_2cec0696f3,1,1,0,1,1
sage_original_BPP_1868_b3a1fa883b,1,1,0,1,1
sage_original_BPP_1869_5b431e2c74,1,1,0,1,1
sage_original_BPP_1870_8e3baf0c3e,1,1,0,1,1
sage_original_BPP_1871_c981a71cc4,1,1,0,1,1
sage_original_BPP_1872_5a7ff54d51,1,1,0,1,1
sage_original_BPP_1873_918e33d680,1,1,0,1,1
sage_original_BPP_1874_667749a93d,1,1,0,1,1
sage_original_BPP_1875_4e8acd3a6f,1,1,0,1,1
sage_original_BPP_1876_7292294487,1,1,0,1,1
sage_original_BPP_1877_46d50c30ff,1,1,0,1,1
sage_original_BPP_1878_5d199aedde,1,1,0,1,1
sage_original_BPP_1879_d47291113d,1,1,0,1,1
sage_original_BPP_1880_890d63f8c5,1,1,0,1,1
sage_original_BPP_1881_7473938c3a,1,1,0,1,1
sage_original_BPP_1882_e0fb85f906,1,1,0,1,1
sage_original_BPP_1883_2be48cc891,1,1,0,1,1
sage_original_BPP_1884_acec647871,1,1,0,1,1
sage_original_BPP_1885_37a96c32a8,1,1,0,1,1
sage_original_BPP_1886_93402063b7,1,1,0,1,1
sage_original_BPP_1887_147b9384d3,1,1,0,1,1
sage_original_BPP_1888_8e852ff255,1,1,0,1,1
sage_original_BPP_1889_9f7f71a53f,1,1,0,1,1
sage_original_BPP_1890_b70868e482,1,1,0,1,1
sage_original_BPP_1891_0ea04b2c90,1,1,0,1,1
sage_original_BPP_1892_3cb73f3739,1,1,0,1,1
sage_original_BPP_1893_4e7ddd96cd,1,1,0,1,1
sage_original_BPP_1894_b9e2f8e212,1,1,0,1,1
sage_original_BPP_1895_3b697e664d,1,1,0,1,1
sage_original_BPP_1896_8c51711b40,1,1,0,1,1
sage_original_BPP_1897_bcfafd6f74,1,1,0,1,1
sage_original_BPP_1898_471931f3aa,1,1,0,1,1
sage_original_BPP_1899_ca4f2c1262,1,1,0,1,1
sage_original_BPP_1900_d7faf9e117,1,1,0,1,1
sage_original_BPP_1901_b759609fd0,1,1,0,1,1
sage_original_BPP_1902_8f6cae392b,1,1,0,1,1
sage_original_BPP_1903_2583a25db3,1,1,0,1,1
sage_original_BPP_1904_72b6026a51,1,1,0,1,1
sage_original_BPP_1905_0053f7f27f,1,1,0,1,1
sage_original_BPP_1906_4dcac11e00,1,1,0,1,1
sage_original_BPP_1907_d56a36a4fa,1,1,0,1,1
sage_original_BPP_1908_bdcd7995f9,1,1,0,1,1
sage_original_BPP_1909_d974e760ce,1,1,0,1,1
sage_original_BPP_1910_58cbcf5328,1,1,0,1,1
sage_original_BPP_1911_f554d5b361,1,1,0,1,1
sage_original_BPP_1912_7311432650,1,1,0,1,1
sage_original_BPP_1913_471eb92bc7,1,1,0,1,1
sage_original_BPP_1914_d2fda43a4d,1,1,0,1,1
sage_original_BPP_1915_f52518591c,1,1,0,1,1
sage_original_BPP_1916_bab1f1f31b,1,1,0,1,1
sage_original_BPP_1917_fa62172514,1,1,0,1,1
sage_original_BPP_1918_231bdb15ec,1,1,0,1,1
sage_original_BPP_1919_d9b467a8db,1,1,0,1,1
sage_original_BPP_1920_8d16fc4220,1,1,0,1,1
sage_original_BPP_1921_544e90af58,1,1,0,1,1
sage_original_BPP_1922_1bce8a66cf,1,1,0,1,1
sage_original_BPP_1923_6fb0ecf9fa,1,1,0,1,1
sage_original_BPP_1924_9f407a5afd,1,1,0,1,1
sage_original_BPP_1925_34aa398bd1,1,1,0,1,1
sage_original_BPP_1926_40dd9902ca,1,1,0,1,1
sage_original_BPP_1927_160acd8e27,1,1,0,1,1
sage_original_BPP_1928_00cb7ef2ab,1,1,0,1,1
sage_original_BPP_1929_1bce488bda,1,1,0,1,1
sage_original_BPP_1930_f14bf7cb87,1,1,0,1,1
sage_original_BPP_1931_f6f3df1a1d,1,1,0,1,1
sage_original_BPP_1932_e2d5f9d500,1,1,0,1,1
sage_original_BPP_1933_83019498d8,1,1,0,1,1
sage_original_BPP_1934_4bdabdb57c,1,1,0,1,1
sage_original_BPP_1935_21bd197c11,1,1,0,1,1
sage_original_BPP_1936_ff9cb97165,1,1,0,1,1
sage_original_BPP_1937_fd3061ad97,1,1,0,1,1
sage_original_BPP_1938_6ef84256dc,1,1,0,1,1
sage_original_BPP_1939_4e85472be6,1,1,0,1,1
sage_original_BPP_1940_f8fdc5cace,1,1,0,1,1
sage_original_BPP_1941_b2e58f51d8,1,1,0,1,1
sage_original_BPP_1942_90f393ab92,1,1,0,1,1
sage_original_BPP_1943_da4309c587,1,1,0,1,1
sage_original_BPP_1944_62d8d9a2f0,1,1,0,1,1
sage_original_BPP_1945_256fbb6273,1,1,0,1,1
sage_original_BPP_1946_5d28a0ab5d,1,1,0,1,1
sage_original_BPP_1947_f2a44a8584,1,1,0,1,1
sage_original_BPP_1948_c2d595ff31,1,1,0,1,1
sage_original_BPP_1949_0415366575,1,1,0,1,1
sage_original_BPP_1950_10aa02e8fa,1,1,0,1,1
sage_original_BPP_1951_8b722093c7,1,1,0,1,1
sage_original_BPP_1952_2e54bda6ba,1,1,0,1,1
sage_original_BPP_1953_0ba61df1a7,1,1,0,1,1
sage_original_BPP_1954_569b14394e,1,1,0,1,1
sage_original_BPP_1955_f1c5ff5401,1,1,0,1,1
sage_original_BPP_1956_3b2b2e9e60,1,1,0,1,1
sage_original_BPP_1957_b089bbf7ff,1,1,0,1,1
sage_original_BPP_1958_c4fe9fa635,1,1,0,1,1
